Question,Answers,Comment,Instructions,Mode,,,,,,,,,,,,,,,,,,,,,,,,,,,,,,,,,,,,,,,,,,,,,
,Inorganic Reactions,,,,,,,,,,,,,,,,,,,,,,,,,,,,,,,,,,,,,,,,,,,,,,,,
,,,,,,,,,,,,,,,,,,,,,,,,,,,,,,,,,,,,,,,,,,,,,,,,,
CCl4+H2O(drastic conditions),COCl2+2HCl,SN1 happens only in drastic conditions. Carbene is formed which then reacts with nucleophilic OH-,,,,,,,,,,,,,,,,,,,,,,,,,,,,,,,,,,,,,,,,,,,,,,,
NF3+H2O->,no rxn,Under nondrastic conditions SN1 cant happen. SN2 will need low lying empty orbital for flank attack which is absent.,,,,,,,,,,,,,,,,,,,,,,,,,,,,,,,,,,,,,,,,,,,,,,,
2HNO2(g)->,NO2+NO+H2O,N2O3 + H2O (Transient Blue),,,,,,,,,,,,,,,,,,,,,,,,,,,,,,,,,,,,,,,,,,,,,,,
3SiF4+4H2O->,Si(OH)4+2H2[SiF6],SiF4 being highly dq+ and empty d orbital readily complexes into d2sp3. This happens only with F-,,,,,,,,,,,,,,,,,,,,,,,,,,,,,,,,,,,,,,,,,,,,,,,
4BF3+3H2O->,H3BO3+3H[BF4],"BF3 being deficient, readily gets complexated to get an octet. This happens only with F- and OH-",Write product in acid form,,,,,,,,,,,,,,,,,,,,,,,,,,,,,,,,,,,,,,,,,,,,,,
BCl3+NaOH->,3NaCl+Na[B(OH)4],"Similar to BF3 complexation, Surplus of OH- in solution will complexate deficient molecule.  Same happens with BeCl2, it is a deficient yet small atom too",,,,,,,,,,,,,,,,,,,,,,,,,,,,,,,,,,,,,,,,,,,,,,,
NCl3+3H2O->,NH3+3HOCl,"N is more EN than Cl and OH attacks Cl, not N",,,,,,,,,,,,,,,,,,,,,,,,,,,,,,,,,,,,,,,,,,,,,,,
SbCl3+H2O->,SbOCl(ppt)+2HCl,Sb has +3 charge since this is ionic and its solubility is bad because of size of Sb,,,,,,,,,,,,,,,,,,,,,,,,,,,,,,,,,,,,,,,,,,,,,,,
XeF2+H2O(excess)->,2Xe+4HF+O2,"With Xe compounds it is a""Either Go straight to XeO3, ore just become Xe""",,,,,,,,,,,,,,,,,,,,,,,,,,,,,,,,,,,,,,,,,,,,,,,
XeF4+H2O(excess)->,4Xe+2XeO3+24HF+3O2,"With Xe compounds it is a""Either Go straight to XeO3, ore just become Xe"".",,,,,,,,,,,,,,,,,,,,,,,,,,,,,,,,,,,,,,,,,,,,,,,
XeF6+H2O(excess)->,XeO3+6HF,"With Xe compounds it is a""Either Go straight to XeO3, ore just become Xe""",,,,,,,,,,,,,,,,,,,,,,,,,,,,,,,,,,,,,,,,,,,,,,,
MH+H2O->,MOH+H2,H- will take H+,,,,,,,,,,,,,,,,,,,,,,,,,,,,,,,,,,,,,,,,,,,,,,,
TeF6+H2O->,Te(OH)6+6HF,Hydroxides are more stable in predominantly ionic ones. Only dominantly covalent ones will tautomerize/gemdiol eliminate to get =O groups,,,,,,,,,,,,,,,,,,,,,,,,,,,,,,,,,,,,,,,,,,,,,,,
SeF6+H2O,H2SeO4+4HF,Hydroxides are more stable in predominantly ionic ones. Only dominantly covalent ones will tautomerize/gemdiol eliminate to get =O groups,Write product in acid form,,,,,,,,,,,,,,,,,,,,,,,,,,,,,,,,,,,,,,,,,,,,,,
SF6+H2O,no rxn,S is the smallest one showing 6-covalence. This is highly sterically hindered.,,,,,,,,,,,,,,,,,,,,,,,,,,,,,,,,,,,,,,,,,,,,,,,
P4+H2O->,PH3+3H3PO2,Identical treatment is impossible here. Thus it disproportionates unlike regular non-Xe hydrolysis. It can be seen that H3PO4 is not formed but H3PO2 by adding H-OH across rest of the bonds in the other 3 Ps,,,,,,,,,,,,,,,,,,,,,,,,,,,,,,,,,,,,,,,,,,,,,,,
Depressant Reactions,ZnS+4NaCN->2Na2[Zn(CN)4]+Na2S,Complexing property of Zn is exploited to make ZnS less float-y and settle down,Assume impurity in given ore is Zinc based,,,,,,,,,,,,,,,,,,,,,,,,,,,,,,,,,,,,,,,,,,,,,,
Cationic Activation Reaction (Froth Floatation),ZnS+CuSO4->CuS+ZnSO4,CuS is the best floater,Assume given ore is Zinc Blende,,,,,,,,,,,,,,,,,,,,,,,,,,,,,,,,,,,,,,,,,,,,,,
Anionic Activation Reaction (Froth Floatation),Cu(OH)2.CuCO3+Na2S->CuS+Na2CO3+NaOH,"CuS is the best floater. Although it is meant for sulphide ores, other ores can also be concentrated by froth floatation when such reactions are possible. ",Assume given ore is Malachite. Drop colours.,,,,,,,,,,,,,,,,,,,,,,,,,,,,,,,,,,,,,,,,,,,,,,
Bayer's Process,Al2O3+2NaOH+3H2O->2Na[Al(OH)4],"Ampho property of Al2O3 and solubility is exploited. Problem with this is that SiO2 which is an acidic oxide, will persist",Write product in complex form,,,,,,,,,,,,,,,,,,,,,,,,,,,,,,,,,,,,,,,,,,,,,,
Mac Arthur Forest Process for Silver,Ag2S+4NaCN->2Na[Ag(CN)2]+Na2S,Complexing property of Ag is exploited to precipitate it,,,,,,,,,,,,,,,,,,,,,,,,,,,,,,,,,,,,,,,,,,,,,,,
Mond Process,Ni+4CO->[Ni(CO)4]->Ni+4CO,[Ni(CO)4] is volatile and will also thermally decompose once Seperationerated,,,,,,,,,,,,,,,,,,,,,,,,,,,,,,,,,,,,,,,,,,,,,,,
Van Arkel Reaction,M+2I2->MI4->M+2I2,MI4 volatile and also decomposes,Assume the metal is M,,,,,,,,,,,,,,,,,,,,,,,,,,,,,,,,,,,,,,,,,,,,,,
Test for CN-,CN+FeSO4+H2SO4(conc)->Fe4[Fe(CN)6]3(Prussian Blue),"Used in Lasagne's organic tests. First complex is formed by Fe2+, then Fe2+ in solution is oxidized by concentrated H2SO4. Alternative to this is to simply add Fe(II) and Fe(III) seperately instead of letting H2SO4 do the oxidation",Use CN instead of CN-. Use typical procedure although several ways are possible. Ignore byproducts for this reaction (way too many of them).,,,,,,,,,,,,,,,,,,,,,,,,,,,,,,,,,,,,,,,,,,,,,,
NO2 (characteristic description),Reddish Brown Fumes,Appears in group Seperationeration of NO3 and NO2,,,,,,,,,,,,,,,,,,,,,,,,,,,,,,,,,,,,,,,,,,,,,,,
S2O3-- Group Seperation,S2O3+H->S8(ppt)+SO2,"S=S bond is not polar and is not hydrolysed like regular S-X bonds. It wont hydrolyse like usual. SO3-- is formed which further gives SO3-- group Seperation. S8 formed is actually colloidal, not ppt.",Ignore any charge in ionic equation. Include only characteristic products,,,,,,,,,,,,,,,,,,,,,,,,,,,,,,,,,,,,,,,,,,,,,,
Leaching Gold,4Au+O2+8NaCN->4Na[Au(CN)2]+2Na2O,Au+ prefers coordination of 1 just like Ag+,,,,,,,,,,,,,,,,,,,,,,,,,,,,,,,,,,,,,,,,,,,,,,,
S-- Group Seperation,S+H->H2S(rotten egg),Its good to note that H2S is largely covalent and wont give test for S-- in solution generally,Ignore any charge in equation,,,,,,,,,,,,,,,,,,,,,,,,,,,,,,,,,,,,,,,,,,,,,,
CO2 (description),Odourless,"SO2 has odour, but same brisk effervescence",,,,,,,,,,,,,,,,,,,,,,,,,,,,,,,,,,,,,,,,,,,,,,,
Cr2O7-- (Colour Change),Orange->Green,,,,,,,,,,,,,,,,,,,,,,,,,,,,,,,,,,,,,,,,,,,,,,,,
CrO4- (Colour Change),Yellow->Green,,,,,,,,,,,,,,,,,,,,,,,,,,,,,,,,,,,,,,,,,,,,,,,,
IO3- (Colour Change),Colourless->Blue-Black,"In starch, I3- shows complexation",,,,,,,,,,,,,,,,,,,,,,,,,,,,,,,,,,,,,,,,,,,,,,,
FeCl3 (Colour Change),Yellow->Green,Fe(III) more stable generally. Fe(II) gains stability when full t2g prefered (Mostly in solution),,,,,,,,,,,,,,,,,,,,,,,,,,,,,,,,,,,,,,,,,,,,,,,
Br2/H2O (Colour Change),Brown->Colourless,,,,,,,,,,,,,,,,,,,,,,,,,,,,,,,,,,,,,,,,,,,,,,,,
dil[H+] Anions that dissolve on excess,CO3 SO3 S2O3,But CO3 becomes HCO3 but SO2 and S2O3 form complexes,Space seperated,1,,,,,,,,,,,,,,,,,,,,,,,,,,,,,,,,,,,,,,,,,,,,,
CuCl2+H2O+Na2CO3->,"Cu(OH)2.CuCO3(ppt,green)+NaHCO3","Pb, Zn and Mg give HCO3 on adding CO3 ions too.",Use dot form,,,,,,,,,,,,,,,,,,,,,,,,,,,,,,,,,,,,,,,,,,,,,,
Ag2SO3+â–²->,Ag,"Unlike Carbonate, this wont thermal decompose into SO2 but redox into SO4--",Include only the characteristic product. Drop (ppt) since all Ag salts are precipitates other than AgNO3,,,,,,,,,,,,,,,,,,,,,,,,,,,,,,,,,,,,,,,,,,,,,,
Ag2S2O3+â–²->,Ag2S(black),"Like SO3--, S2SO3-- acts, except the S= gets taken by Ag this time. Same happens other thiosulphate ppts.",Include only the characteristic product. Drop (ppt) since all Ag salts are precipitates other than AgNO3,,,,,,,,,,,,,,,,,,,,,,,,,,,,,,,,,,,,,,,,,,,,,,
Anions that give ppt with BaCl2 that dissolve on HCl,CO3 SO3 S2O3,All dil[H] anions that give off gas,Space seperated,1,,,,,,,,,,,,,,,,,,,,,,,,,,,,,,,,,,,,,,,,,,,,,
S-- Confirmatory,S+Na2[Fe(CN)5NO]->Na4[Fe(CN)5NOS](Purple),"The nitroso attacks S, Thionitrile is an auxophore in the complex.",Use S instead of S--,,,,,,,,,,,,,,,,,,,,,,,,,,,,,,,,,,,,,,,,,,,,,,
test for H2SO3,H2SO3+Na2[Fe(CN)5NO]->Na2H2[Fe(CN)5NOSO3](Red),"The nitroso attacks S, an auxophore is formed in the complex.",,,,,,,,,,,,,,,,,,,,,,,,,,,,,,,,,,,,,,,,,,,,,,,
S2O3-- Confirmatory,S2O3+KCN+FeCl3->Fe(SCN)3(Blood Red),S-- wont give this reaction as it will redox with FeCl3. [Fe(SCN)(H2O)5]-- gives this Blood Red colour,Use S2O3 instead of S2O3--.Ignore byproducts for this reaction (way too many of them).,,,,,,,,,,,,,,,,,,,,,,,,,,,,,,,,,,,,,,,,,,,,,,
AcOH+H2SO4(conc)->,CO+H2O,"unlike oxalate & Halogens, AcOH will get alpha-dehydrated by conc H2O, not oxidized",Ignore byproducts for this reaction,,,,,,,,,,,,,,,,,,,,,,,,,,,,,,,,,,,,,,,,,,,,,,
I2 (Colour),Violet,,,,,,,,,,,,,,,,,,,,,,,,,,,,,,,,,,,,,,,,,,,,,,,,
Iodometry/Hyposolution Reaction,I2+Na2S2O3->Na2S4O6+2NaI,,,,,,,,,,,,,,,,,,,,,,,,,,,,,,,,,,,,,,,,,,,,,,,,
CuSO4+KI(excess)->,Cu2I2(ppt)+KI3(brown)+K2SO4,Cu is being reduced by high I concentration. that gives I2 which with I- forms I3,,,,,,,,,,,,,,,,,,,,,,,,,,,,,,,,,,,,,,,,,,,,,,,
Nessler's Reagant Preparation,HgI2(red)+KI(excess)->K2[HgI4],,,,,,,,,,,,,,,,,,,,,,,,,,,,,,,,,,,,,,,,,,,,,,,,
Ce+4 (Colour Change),Yellow->Colourless,Ce(III) is colourless,,,,,,,,,,,,,,,,,,,,,,,,,,,,,,,,,,,,,,,,,,,,,,,
KNO3+Zn,NH3+ZnO,This is done in conc. Basic medium to make the reaction to dissolve [Zn(OH)4]--,Ignore spectators,,,,,,,,,,,,,,,,,,,,,,,,,,,,,,,,,,,,,,,,,,,,,,
NH4+ Confirmatory,"NH4+K2[HgI4]->HgO.HgNH2I(ppt,Brown)",,Ignore byproducts for this reaction. Use dot-form of product. Use NH4 instead of NH4+.,,,,,,,,,,,,,,,,,,,,,,,,,,,,,,,,,,,,,,,,,,,,,,
NaX+Pb(OAc)2->,"PbX2(ppt,soluble on heating)+NaOAc","Just like AgX, colour becomes yellow with PbI2 (altho not much with Br). Cl is more crystalline.",,,,,,,,,,,,,,,,,,,,,,,,,,,,,,,,,,,,,,,,,,,,,,,
Cl- Confirmatory,4Cl+K2Cr2O7->2CrO2Cl2(Deep red vapour)+8NaOH->2Na2CrO4(Yellow),"Chromyl Chloride Test. For some reason Concentrated Acids (in group seperation), Chromates and Manganates don't manage to oxidize Cl- in salt.",Use Cl instead of Cl-. Ignore byproducts for this reaction. Add the reagants into reaction in the second step right away (For example like H2O in this reaction: RCHO+KCN->RCH(OH)(CN)+H2O->RCH(OH)COOH),,,,,,,,,,,,,,,,,,,,,,,,,,,,,,,,,,,,,,,,,,,,,,
MnO2 Test for Cl-,2Cl+MnO2+2H2SO4(conc)->Cl2(greenish yellow),This indirectly oxidizes Cl- in salt. Concentrated acid gives HCl which is then oxidized by the oxidizer.,Use Cl instead of Cl-. Ignore byproducts for this reaction.,,,,,,,,,,,,,,,,,,,,,,,,,,,,,,,,,,,,,,,,,,,,,,
SO4-- Confirmatory,"SO4+Pb(OAc)2->PbSO4(ppt,insoluble in acid)+2OAc",,Use SO4 instead of SO4--,,,,,,,,,,,,,,,,,,,,,,,,,,,,,,,,,,,,,,,,,,,,,,
NaCl+KMnO4 [H+]->,no rxn,"For some reason Concentrated Acids (in group seperation), Chromates and Manganates don't manage to oxidize Cl- in salt.",,,,,,,,,,,,,,,,,,,,,,,,,,,,,,,,,,,,,,,,,,,,,,,
KMnO4+KOH(conc)->,4K2MnO4(Green)+O2+2H2O,"MnO4-- gains stability very high pH, OH makes the other half",,,,,,,,,,,,,,,,,,,,,,,,,,,,,,,,,,,,,,,,,,,,,,,
Cobalt Chloride + â–² (Colour Change),Pink->Blue,Dehydration,,,,,,,,,,,,,,,,,,,,,,,,,,,,,,,,,,,,,,,,,,,,,,,
Borax Bead Preparation,Na2B4O7.10H2O->2NaBO2+B2O3,B2O3 has this property of readily taking in metal oxides (Lewis Basic),Include hydration,,,,,,,,,,,,,,,,,,,,,,,,,,,,,,,,,,,,,,,,,,,,,,
Borax Bead test in Oxidizing Flame,MO+B2O3->M(BO2)2,"Practically, Oxidizing and Non-luminous are same because atmosphere's got 32% O2 anyways",Assume metal is M(II),,,,,,,,,,,,,,,,,,,,,,,,,,,,,,,,,,,,,,,,,,,,,,
Borax Bead test in Reducing Flame,Fe2O3+2B2O3+2NaBO2+C->Fe(BO2)2(green)+Na2B4O7+CO,Reduction changes colour,Assume metal is Fe,,,,,,,,,,,,,,,,,,,,,,,,,,,,,,,,,,,,,,,,,,,,,,
2HNO2(aq)->,2NO+HNO3+H2O,N2O3 + H2O. NO2 from one HNO2 reduces another HNO2 to HNO3 (Note that N2O3 doesnt have an anhydride link but a N-N link),,,,,,,,,,,,,,,,,,,,,,,,,,,,,,,,,,,,,,,,,,,,,,,
Washing Soda Bead Test,MnO+O2+Na2CO3->Na2MnO4(Green)+CO2,"While Borax Bead test is majorly answered by lewis acidic oxides with colour giving metals, Sodium Carbonate Bead test is answered by lewis basic oxides (MnO2 and Cr2O3 are amphoteric and MnO oxidized from their stable oxidation state in oxidizing flame to this). CO2 is already oxidized, so though high T, CO isnt formed in oxidizing flame",Assume metal is Mn,,,,,,,,,,,,,,,,,,,,,,,,,,,,,,,,,,,,,,,,,,,,,,
Group I,AgCl PbCl2(Soluble on heating),,"List the Precipitates (Don't inclue (ppt), include colour/description)",1,,,,,,,,,,,,,,,,,,,,,,,,,,,,,,,,,,,,,,,,,,,,,
Group II,"PbS(black) CuS(black) HgS(black, red) Bi2S3(Brown)",,"List the Precipitates (Don't inclue (ppt), include colour/description). Incase of two colours, include most prominent first and the other seperated by a comma",1,,,,,,,,,,,,,,,,,,,,,,,,,,,,,,,,,,,,,,,,,,,,,
Group III,Al(OH)3(gelatinous) Cr(OH)3(green) Fe(OH)3(brown),,"List the Precipitates (Don't inclue (ppt), include colour/description)",1,,,,,,,,,,,,,,,,,,,,,,,,,,,,,,,,,,,,,,,,,,,,,
Group IV,MnS(flesh) ZnS(dirty white),,"List the Precipitates (Don't inclue (ppt), include colour/description)",1,,,,,,,,,,,,,,,,,,,,,,,,,,,,,,,,,,,,,,,,,,,,,
Group V,CaCO3 BaCO3,Sr isnt there for Jee Adv :kekw:,"List the Precipitates (Don't inclue (ppt), include colour/description)",1,,,,,,,,,,,,,,,,,,,,,,,,,,,,,,,,,,,,,,,,,,,,,
Group VI,Mg(NH4)2PO4,,"List the Precipitates (Don't inclue (ppt), include colour/description)",,,,,,,,,,,,,,,,,,,,,,,,,,,,,,,,,,,,,,,,,,,,,,
HgCO3+â–²->,2Hg+O2+2CO2,"Unlike regular decompositions, HgCO3 directly goes to Hg because HgO decomp temperature is pretty low too. Same with nitrates. ",,,,,,,,,,,,,,,,,,,,,,,,,,,,,,,,,,,,,,,,,,,,,,,
Na2CO3+â–²->,no rxn,Alkali metal carbonates (ex. Li by diagonal rel) are thermally stable,,,,,,,,,,,,,,,,,,,,,,,,,,,,,,,,,,,,,,,,,,,,,,,
HNO3+â–²->,H2O+NO2+O2,"Note that same reaction happens in oxidation half. N2O5 (Has an N-O-N bond, it is the anhydride of acid not exactly a nitrogenoxide) wants to become NO2 and NO3 but NO3 is unstable. Generally, Pyrolysis are driven by ppt-ing or gas-ing.",,,,,,,,,,,,,,,,,,,,,,,,,,,,,,,,,,,,,,,,,,,,,,,
H2SO4+â–²(extreme)->,H2O+SO2+O2,"Note that same reaction happens in oxidation half. When SO4 *is* the oxidizer it goes to SO2, When SO4 is being *reduced* it goes to S--.",,,,,,,,,,,,,,,,,,,,,,,,,,,,,,,,,,,,,,,,,,,,,,,
(COOH)2+â–²->,H2O+CO+CO2,"First decarbox at one side, and then how AcOH on dehydration, CO is given.",,,,,,,,,,,,,,,,,,,,,,,,,,,,,,,,,,,,,,,,,,,,,,,
NH4IO3+â–²->,N2+I2+O2+4H2O,"If anion is oxidizing, NH3 is oxidized. I2 and Cl2 are not oxidizing per se, so Cl- and I- are not formed unless N2 was reducing in nature. Generally, Pyrolysis are driven by ppt-ing or gas-ing.",,,,,,,,,,,,,,,,,,,,,,,,,,,,,,,,,,,,,,,,,,,,,,,
NH4NO3+â–²->,N2O+2H2O,"Exceptionally N2O is formed instead of N2 because this isnt redox although anion is oxidizing, this is just literally removing H2O to give :kekw:-gas.",,,,,,,,,,,,,,,,,,,,,,,,,,,,,,,,,,,,,,,,,,,,,,,
NH4NO2+â–²->,N2+2H2O,"Unlike typical NO2 decomp, this exceptionally goes through NH4NO3 decomposition.",,,,,,,,,,,,,,,,,,,,,,,,,,,,,,,,,,,,,,,,,,,,,,,
(NH4)2HPO4+â–²->,(HPO3)n+NH3+H2O,"All NH4 bonds are replaced with anhydride links, OH unaffected with pure NH3 and H case. ",,,,,,,,,,,,,,,,,,,,,,,,,,,,,,,,,,,,,,,,,,,,,,,
Na(NH4)HPO4+â–²->,(NaPO3)n+NH3+H2O,"All NH4 bonds are replaced with anhydride links, OH are also touched when theres a better metal around. Metal bonds are unaffected and H-P are also unaffected.  This salt is also known as the Microcosmic salt and (NaPO3)n is a bead",,,,,,,,,,,,,,,,,,,,,,,,,,,,,,,,,,,,,,,,,,,,,,,
NaNO3+â–²->,NaNO2+O2,"Unlike regular NO2-, Group I nitrites are stable similar to same stabilization that stabilizes peroxides and superoxides.",,,,,,,,,,,,,,,,,,,,,,,,,,,,,,,,,,,,,,,,,,,,,,,
AuCl3+â–²(mild)->,AuCl+Cl2,Heating halides supports leaving of X2 even if bigger ox state is more stable if difference in stability is small enough because Pyrolysis are driven by ppt-ing or gas-ing,,,,,,,,,,,,,,,,,,,,,,,,,,,,,,,,,,,,,,,,,,,,,,,
MCl2.2H2O+â–²->,MO+HCl+H2O,Hydrated chloride salts are actually complexes and Cl leaves easier than O in some H2O->M. This is for Sn(II) Mg Fe Al Zn Cu,,,,,,,,,,,,,,,,,,,,,,,,,,,,,,,,,,,,,,,,,,,,,,,
KOAc+â–²->,K2CO3+CH3COCH3,Group I carbonates are stable and won't break further. Decarbox does not happen as there is not driving force here unlike beta carbonyl in oxalate. ,,,,,,,,,,,,,,,,,,,,,,,,,,,,,,,,,,,,,,,,,,,,,,,
H2SO3+â–²->,H2SO4+S8(ppt)+H2O,Acids not at their ortho ox state or mineral form disproportionate to extremes. Exceptionally S8 is formed because ppting supports pyrolysis ,,,,,,,,,,,,,,,,,,,,,,,,,,,,,,,,,,,,,,,,,,,,,,,
H3PO2+â–²->,H3PO4+PH3,Acids not at their ortho ox state or mineral form disproportionate simply because the extremes are more stable than others. ,,,,,,,,,,,,,,,,,,,,,,,,,,,,,,,,,,,,,,,,,,,,,,,
Ag2C2O4+â–²->,Ag+CO2,"Although Ag2O+CO+CO2 is expected like in AgCO3, Ag2O + CO -> Ag + CO2.",,,,,,,,,,,,,,,,,,,,,,,,,,,,,,,,,,,,,,,,,,,,,,,
C+H2O+Ni (high T),CO+H2,"At high T, CO becomes highly stable as compared to CO2 and C becomes highly reducing. Even though transition metals are known to hydrogenate, Transition Metal catalysis will simply reduce all activation energies for all possible reactions. So its not like only hydrogenation can happen but the best reaction possible will happen. Here it is Oxygen exchange since CO is stabler at high T.",,,,,,,,,,,,,,,,,,,,,,,,,,,,,,,,,,,,,,,,,,,,,,,
Water Gas + Steam,2H2+CO2,At lower temperatures CO2 is more stable,Write Full reaction,,,,,,,,,,,,,,,,,,,,,,,,,,,,,,,,,,,,,,,,,,,,,,
3d-series Amphoteric Oxides,V2O5 Cr2O3 MnO2 ZnO CuO,,,1,,,,,,,,,,,,,,,,,,,,,,,,,,,,,,,,,,,,,,,,,,,,,
Neutral Oxides of N,N2O NO,,,1,,,,,,,,,,,,,,,,,,,,,,,,,,,,,,,,,,,,,,,,,,,,,
Amphoteric Maingroup Metal Oxides,SnO PbO2 As2O3 Sb2O3 Sb2O5 GeO2 GeO,,Other than BeO Al2O3 Ga2O3 SnO2 PbO,1,,,,,,,,,,,,,,,,,,,,,,,,,,,,,,,,,,,,,,,,,,,,,
CO+H2+Ni->,CH4+H2O,"at not so high T that CO will become stabler, just simple hydrogenation.",,,,,,,,,,,,,,,,,,,,,,,,,,,,,,,,,,,,,,,,,,,,,,,
CH4+H2O (high T),CO+H2,"At high T, CO becomes highly stable as compared to CO2 and even combustion results in CO",,,,,,,,,,,,,,,,,,,,,,,,,,,,,,,,,,,,,,,,,,,,,,,
Synthetic Gas + Cu,HCHO,This is an exceptional case where Cu doesnt do dehydrogenation but hydrogenates,Write Full reaction,,,,,,,,,,,,,,,,,,,,,,,,,,,,,,,,,,,,,,,,,,,,,,
Synthetic Gas + Cu/ZnO,CH3OH,This is an exceptional case where Cu doesnt do dehydrogenation but hydrogenates. This isnt really a reductive workup but can be seen like one for memorization purposes.,Write Full reaction,,,,,,,,,,,,,,,,,,,,,,,,,,,,,,,,,,,,,,,,,,,,,,
Haber's Process,N2+H2+Fe/Fe2O3->NH3,,Include catalyst as if it was a reactant. Split alternative catalysts by /.,,,,,,,,,,,,,,,,,,,,,,,,,,,,,,,,,,,,,,,,,,,,,,
NaBH4 synthesis,B(OCH3)3+NaH->Na[BH4]+NaOCH3,,Use Complex form NaBH4. Use salt-form of by products,,,,,,,,,,,,,,,,,,,,,,,,,,,,,,,,,,,,,,,,,,,,,,
PbSO4+CaH2->,"PbS(ppt,black)+Ca(OH)2",Reducing nature of H-,,,,,,,,,,,,,,,,,,,,,,,,,,,,,,,,,,,,,,,,,,,,,,,
CO+NaH,HCOONa+C,"NaH + CO -> C + NaOH is formed, CO is not that stable so CO->CO2+C. Both combined CO2 is acidic and HCOONa is formed",,,,,,,,,,,,,,,,,,,,,,,,,,,,,,,,,,,,,,,,,,,,,,,
(NH4)2SO4+â–²->,NH3+H2SO4,SO4 isnt considered oxidizing other than in H2SO4(conc),,,,,,,,,,,,,,,,,,,,,,,,,,,,,,,,,,,,,,,,,,,,,,,
Be+H2O->,no rxn,"Unlike Li, Be doesnt show exceptional reducing nature (Li+ has only 1 shell). Because of exchange energy, Be wont even react with Hot water",,,,,,,,,,,,,,,,,,,,,,,,,,,,,,,,,,,,,,,,,,,,,,,
S block in NH3 (Observation),Blue,,,,,,,,,,,,,,,,,,,,,,,,,,,,,,,,,,,,,,,,,,,,,,,,
Excess S block in NH3 (Observation),Brown,,,,,,,,,,,,,,,,,,,,,,,,,,,,,,,,,,,,,,,,,,,,,,,,
S block in NH3 upon standing,MNH2 + H2,S block is highly reducing. Just like M+H2O->MOH+H2,Use M,,,,,,,,,,,,,,,,,,,,,,,,,,,,,,,,,,,,,,,,,,,,,,
Li3N(Ruby Red)+â–²->,Li+N2,,,,,,,,,,,,,,,,,,,,,,,,,,,,,,,,,,,,,,,,,,,,,,,,
NaN3+â–²->,Na+N2,,,,,,,,,,,,,,,,,,,,,,,,,,,,,,,,,,,,,,,,,,,,,,,,
Baryta Water + CO2(excess),Ba(HCO3)2,This is more sensitive than Lime water,,,,,,,,,,,,,,,,,,,,,,,,,,,,,,,,,,,,,,,,,,,,,,,
Caustic Soda,NaOH,Soda-Na; ,,,,,,,,,,,,,,,,,,,,,,,,,,,,,,,,,,,,,,,,,,,,,,,
Na+N2->,no rxn,Group 1 Nitrides are unstable,,,,,,,,,,,,,,,,,,,,,,,,,,,,,,,,,,,,,,,,,,,,,,,
[Co(NH3)5Cl]Cl2+NaOH->,Co2O3+NaCl+NH3+H2O,NaOH is strong enough to remove solvation from metal ion and react. They liberate NH3 from ammine complexes. Oxidation state is unchanged as theres no oxidation half (OH- can be readily oxidized),,,,,,,,,,,,,,,,,,,,,,,,,,,,,,,,,,,,,,,,,,,,,,,
Preperation of K2Cr2O7,FeCr2O4+Na2CO3+O2->Na2CrO4+H2SO4->Na2Cr2O7+KCl->K2Cr2O7,FeCr2O4 is found as ore FeO+Cr2O3 (Not Fe2O3 because Cr2O3 is actually complexating with Fe). Cr2O7 is just CrO4 after making an anhydride link catalysed by acid. The first reaction is similar to Na2CO3 bead test in Oxidizing flame. NaOH isnt used as that strong a reagant isnt necessary.,Add the reagants into reaction in the subsequent steps right away (For example like H2O in this reaction: RX+Mg->MgRX+H2O->RH+MgXOH). Ignore byproducts for this reaction. Ignore colours.,,,,,,,,,,,,,,,,,,,,,,,,,,,,,,,,,,,,,,,,,,,,,,
K2Cr2O7+â–²->,K2CrO4(yellow)+Cr2O3(green)+O2,One of the Cr is going to stable ox state. The anhydride link is broken just like in N2O5. Generally pyrolysis driven by gas-ing or ppt-ing,,,,,,,,,,,,,,,,,,,,,,,,,,,,,,,,,,,,,,,,,,,,,,,
Preparation of KMnO4,MnO2+KOH+O2->K2MnO4+Cl2->KMnO4,"MnO2 is found as ore. MnO4-- is stabilized in extremely basic medium, it servers as a good intermediate to move to MnO4-. Cl is used as its both a mild oxidizer and works against pH.",Add the reagants into reaction in the subsequent steps right away (For example like H2O in this reaction: RX+Mg->MgRX+H2O->RH+MgXOH). Ignore byproducts for this reaction. Ignore colours.,,,,,,,,,,,,,,,,,,,,,,,,,,,,,,,,,,,,,,,,,,,,,,
Preparation of Na2CrO4,3Na2O2(pale yellow)+Cr2O3(green)+H2O->2Na2CrO4(yellow)+NaOH,Na2O2+H2O->2NaOH+[O]; Cr+3 -> Cr+6; Reaction is done aqueous medium,,,,,,,,,,,,,,,,,,,,,,,,,,,,,,,,,,,,,,,,,,,,,,,
Sr+O2->,SrO,"According to Na,K,Sr,Ba it is expected to be peroxide, but nope",,,,,,,,,,,,,,,,,,,,,,,,,,,,,,,,,,,,,,,,,,,,,,,
K+O2->,KO2(orange),"According to Na,K,Sr,Ba it is expected to be peroxide, but nope",,,,,,,,,,,,,,,,,,,,,,,,,,,,,,,,,,,,,,,,,,,,,,,
Na2SO4+C+â–²->,Na2S+CO,"When SO4 is the oxidizer it goes to SO2, When SO4 is being *reduced* it goes to S--. Here CO and not CO2 because of higher T",,,,,,,,,,,,,,,,,,,,,,,,,,,,,,,,,,,,,,,,,,,,,,,
Na2S+Air->,Na2S2O3+NaOH,There is neither a mild oxidizer or a strong oxidizer. When S-- is the reducer it goes to S2O3--,Assume Air is moist,,,,,,,,,,,,,,,,,,,,,,,,,,,,,,,,,,,,,,,,,,,,,,
KF+BrF3->,K[BrF4],Similar to I3-,,,,,,,,,,,,,,,,,,,,,,,,,,,,,,,,,,,,,,,,,,,,,,,
Mg[BH4]2+H2O->,Mg[B(OH)4]2+4H2,"H3BO3 is a lewis acid, this is often abbrievated as Mg(BO2)2 since metaborate is a gross term, not referring to only true meta acids",,,,,,,,,,,,,,,,,,,,,,,,,,,,,,,,,,,,,,,,,,,,,,,
Na[BH4]+H2O->,no rxn,NaBH4 is stable in water (BH4 is highly covalent),,,,,,,,,,,,,,,,,,,,,,,,,,,,,,,,,,,,,,,,,,,,,,,
Na+C->,no rxn,Group I doesnt react directly with C,,,,,,,,,,,,,,,,,,,,,,,,,,,,,,,,,,,,,,,,,,,,,,,
Li+C->,Li2C2,This is used in synthesis of acetylene,,,,,,,,,,,,,,,,,,,,,,,,,,,,,,,,,,,,,,,,,,,,,,,
Solvay Process - Production Steps,NH3+H2O+CO2->NH4HCO3+NaCl->NH4Cl+NaHCO3->Na2CO3+NH4Cl,,Add the reagants into reaction in the subsequent steps right away (For example like H2O in this reaction: RX+Mg->MgRX+H2O->RH+MgXOH). Ignore byproducts for this reaction except the significant ones (retain significant ones till the end). Don't notate heating,,,,,,,,,,,,,,,,,,,,,,,,,,,,,,,,,,,,,,,,,,,,,,
Solvay Process - Regenaration Steps,CaCO3->CaO+H2O->Ca(OH)2+NH4Cl->NH3,,Add the reagants into reaction in the subsequent steps right away (For example like H2O in this reaction: RX+Mg->MgRX+H2O->RH+MgXOH). Ignore byproducts. Don't notate heating,,,,,,,,,,,,,,,,,,,,,,,,,,,,,,,,,,,,,,,,,,,,,,
Mg/NH3+â–²(mild)->,[Mg(NH3)6],"Unlike group I, Group II will not lose the NH3 within primary solvation sphere",,,,,,,,,,,,,,,,,,,,,,,,,,,,,,,,,,,,,,,,,,,,,,,
Cations that cause Scum,Mg Ca,,Yeet Charge,1,,,,,,,,,,,,,,,,,,,,,,,,,,,,,,,,,,,,,,,,,,,,,
Anions for Temporary Hardness,HCO3,,Yeet Charge,1,,,,,,,,,,,,,,,,,,,,,,,,,,,,,,,,,,,,,,,,,,,,,
Anions for Permanent Hardness,SO4 Cl,,Yeet Charge,1,,,,,,,,,,,,,,,,,,,,,,,,,,,,,,,,,,,,,,,,,,,,,
Clark's Process for Mg,"Mg(HCO3)2+Ca(OH)2->Mg(OH)2(ppt, sparingly soluble)+CaCO3(ppt)+H2O","Mg(OH)2 is sparingly soluble, but ppt here because of common ion with Ca(OH)2",,,,,,,,,,,,,,,,,,,,,,,,,,,,,,,,,,,,,,,,,,,,,,,
Clark's Process for Ca,Ca(HCO3)2+Ca(OH)2->CaCO3(ppt)+H2O,,,,,,,,,,,,,,,,,,,,,,,,,,,,,,,,,,,,,,,,,,,,,,,,
Ion Exchangers for Permanent Hardness,Na6P6O18(Calgon) NaAlSiO4(zeolite/permutit) RSO3Na(Resin),Calgon is a Hexametaphosphate; A Zeolite is when Silica is doped with A G13 element and a counter metal such as Na,,1,,,,,,,,,,,,,,,,,,,,,,,,,,,,,,,,,,,,,,,,,,,,,
Lime-soda process,CaSO4+Na2CO3->CaCO3(ppt)+Na2SO4,Used to remove permanent hardness. This also works for Mg but the name Lime-Soda is for Ca-Na,No not fresh lime soda.,,,,,,,,,,,,,,,,,,,,,,,,,,,,,,,,,,,,,,,,,,,,,,
Washing Soda,Na2CO3,,,,,,,,,,,,,,,,,,,,,,,,,,,,,,,,,,,,,,,,,,,,,,,,
Baking Soda,NaHCO3,,,,,,,,,,,,,,,,,,,,,,,,,,,,,,,,,,,,,,,,,,,,,,,,
Bleaching Powder,Ca(OCl)2 CaCl2,Often abrievated as CaOCl2,,1,,,,,,,,,,,,,,,,,,,,,,,,,,,,,,,,,,,,,,,,,,,,,
Be+C->,Be2C,"Like Al4C3, Gives methane not ethyne",,,,,,,,,,,,,,,,,,,,,,,,,,,,,,,,,,,,,,,,,,,,,,,
BeX2 salts are extremely soluble even though being largely covalent due to the formation of:,[Be(H2O)4]X2,,,,,,,,,,,,,,,,,,,,,,,,,,,,,,,,,,,,,,,,,,,,,,,,
CaC2+N2->,CaNCN+C,-N=C=N-,,,,,,,,,,,,,,,,,,,,,,,,,,,,,,,,,,,,,,,,,,,,,,,
B+NaOH->,Na3BO3+H2,"H3BO3 seems to act arhenius. But this is 2Na2O.B2O3, not H3BO3+NaOH",Use oxide form,,,,,,,,,,,,,,,,,,,,,,,,,,,,,,,,,,,,,,,,,,,,,,
Thermite Reaction,Al+O2->Al2O3,HUGE Amount of heat,,,,,,,,,,,,,,,,,,,,,,,,,,,,,,,,,,,,,,,,,,,,,,,
2B2O3+P4O10,BPO4,B2O3 being weakly acidic can be forced to react by a strongly acidic oxide. B3+,,,,,,,,,,,,,,,,,,,,,,,,,,,,,,,,,,,,,,,,,,,,,,,
Borax - True Form,Na2[H2B4O7(OH)2].8H2O,It is a lewis A-B derivative of H2B4O7,,,,,,,,,,,,,,,,,,,,,,,,,,,,,,,,,,,,,,,,,,,,,,,
Orthoboric Acid,H3BO3,,,,,,,,,,,,,,,,,,,,,,,,,,,,,,,,,,,,,,,,,,,,,,,,
Metaboric Acid,(HBO2)n,Metaacid is when 2 anhydride links are formed. Ortho and Metaacids are Gross words. They are referring to emperical formula and not true structure.,,,,,,,,,,,,,,,,,,,,,,,,,,,,,,,,,,,,,,,,,,,,,,,
Pyroboric Acid,H2B4O7,Pyroacid is when 1 H2O left. It is not a gross word and denotes a specific acid. But the guy who named Boron :clap: acids was a Moron :clap: and named H2B4O7 as pyroboric acid.,,,,,,,,,,,,,,,,,,,,,,,,,,,,,,,,,,,,,,,,,,,,,,,
B2O3+NH4BF4,NH3+BF3+H2O,Effectively same as HF+B2O3,,,,,,,,,,,,,,,,,,,,,,,,,,,,,,,,,,,,,,,,,,,,,,,
B-Compounds that give characteristic flame colour,BF3(green) B(OCH3)3(green),,,1,,,,,,,,,,,,,,,,,,,,,,,,,,,,,,,,,,,,,,,,,,,,,
NaAlO2.2H2O+CO2->,"NaHCO3+Al(OH)3(ppt,gelatinous)",CO2 is more acidic than amphoteric,,,,,,,,,,,,,,,,,,,,,,,,,,,,,,,,,,,,,,,,,,,,,,,
LiH+AlCl3,(AlH3)n+LiCl,Tau Bonds; LiAlH4 is formed only with excess LiH,,,,,,,,,,,,,,,,,,,,,,,,,,,,,,,,,,,,,,,,,,,,,,,
Laboratory Preparation of Diborane,NaBH4+I2->B2H6+NaI+H2,,(Not from BF3),,,,,,,,,,,,,,,,,,,,,,,,,,,,,,,,,,,,,,,,,,,,,,
Industrial Preparation of Diborane,NaBH4+BF3->B2H6+NaF,,(Not from BF3),,,,,,,,,,,,,,,,,,,,,,,,,,,,,,,,,,,,,,,,,,,,,,
Production of Diborane from B2O3,B2O3+Al+H2->Al2O3+B2H6,"The huge heat from Al causes H2 to flame and instead of H2O, B2O3 forms",,,,,,,,,,,,,,,,,,,,,,,,,,,,,,,,,,,,,,,,,,,,,,,
AlCl3+CH3MgCl->,MgCl2+Al2(CH3)6,Me shows Tau bonds too,,,,,,,,,,,,,,,,,,,,,,,,,,,,,,,,,,,,,,,,,,,,,,,
B2H6+NH3(excess) (Extreme T)->,(BN)n+H2,,,,,,,,,,,,,,,,,,,,,,,,,,,,,,,,,,,,,,,,,,,,,,,,
B2H6+NH3,[BH2(NH3)2][BH4],"Ammonia although being largely coordinate is considered an ionic/hard base, Hard base splits B2H6 assymetrically",Use complex form,,,,,,,,,,,,,,,,,,,,,,,,,,,,,,,,,,,,,,,,,,,,,,
B2H6+NH3 (Extreme T)->,B3N3H6+H2,,,,,,,,,,,,,,,,,,,,,,,,,,,,,,,,,,,,,,,,,,,,,,,,
Most Stable Oxidation state of 3d series,"3, 4, 5, 3, 2, 3, 2, 2, 2, 2","First three simply act like s block. All other metals follow t2g,eg trends except Mn and Fe prefer half filled d, Cu prefers +2 due to better hydration",Sc Ti V Cr Mn Fe Co Ni Cu Zn. Comma Seperated. (Assume in Air for iron),3,,,,,,,,,,,,,,,,,,,,,,,,,,,,,,,,,,,,,,,,,,,,,
KMnO4+â–²->,K2MnO4(green)+MnO2(black)+O2,"KMnO4 to K2MnO4 is not that favourable a reaction, and moving to MnO2 has enough energy to initiate reverse of it. This can also be explained by showing how medium is not basic anymore and it will move to MnO2, but then the superoxide KO2 will further react with K2MnO4 to give KMnO4",Specify Colour too,,,,,,,,,,,,,,,,,,,,,,,,,,,,,,,,,,,,,,,,,,,,,,
Ag2CO3+â–²(Mild)->,Ag2O(black)+CO2,,Drop (ppt) since all Ag salts are precipitates other than AgNO3. Specify colour too.,,,,,,,,,,,,,,,,,,,,,,,,,,,,,,,,,,,,,,,,,,,,,,
Ag+HCl(conc)->,no rxn,"Unlike Group I test conditions, conc HCl doesnt let O2 interact with Ag and Ag cant displace H in Cl",,,,,,,,,,,,,,,,,,,,,,,,,,,,,,,,,,,,,,,,,,,,,,,
Ag+Aqua Regia->,no rxn,"Although HNO3 is present, Protective layer of AgCl/AgNO3 is formed which will prevent reaction",,,,,,,,,,,,,,,,,,,,,,,,,,,,,,,,,,,,,,,,,,,,,,,
Colours of the following compounds:,"Yellow, White, White, White, White, Pale Yellow, Yellow, Yellow, Brick Red",CO3 PO4 CrO4 Cr2O7 Br I show exceptional colours.,"Ag2CO3, Ag2SO4, Ag2S2O3, AgOAc, AgCl, AgBr, AgI, Ag3PO4, Ag2CrO4",3,,,,,,,,,,,,,,,,,,,,,,,,,,,,,,,,,,,,,,,,,,,,,
Ag2CO3+â–²(Strong)->,Ag+CO2+O2,,,,,,,,,,,,,,,,,,,,,,,,,,,,,,,,,,,,,,,,,,,,,,,,
AgNO3+NaOH->,"Ag2O(ppt,black)+NaNO3+H2O",Ag(OH) doesnt exist. Ag will not readily oxidize OH to H2O+O2.,Specify Colour too,,,,,,,,,,,,,,,,,,,,,,,,,,,,,,,,,,,,,,,,,,,,,,
AgO - True Form,Ag[AgO2],"Its diamagnetic, not d9",,,,,,,,,,,,,,,,,,,,,,,,,,,,,,,,,,,,,,,,,,,,,,,
Ag2O+Glucose->,Ag+Gluconic Acid,It can do all oxidations Tollen's reagant can do. But not all oxidations that Br2/H2O can do,Use common name,,,,,,,,,,,,,,,,,,,,,,,,,,,,,,,,,,,,,,,,,,,,,,
AgBr+ðŸ’¡->,Ag+Br2,Br radical generated using how AgBr is largely covalent,,,,,,,,,,,,,,,,,,,,,,,,,,,,,,,,,,,,,,,,,,,,,,,
AgNO3(excess)+I2+H2O->,"AgI(ppt,yellow)+AgIO3(ppt)+HNO3","Oxidation of one of the I2 is initiated by highly oxidizing medium of Ag and NO3. I2 being a weak oxidizer too, it will oxidize back the byproduct. Effectively I2 disproportionates",,,,,,,,,,,,,,,,,,,,,,,,,,,,,,,,,,,,,,,,,,,,,,,
H2SO4+HgCl2+H2O->,"HgSO4.HgO(ppt,yellow)+HCl",HgO has charecteristic yellow,,,,,,,,,,,,,,,,,,,,,,,,,,,,,,,,,,,,,,,,,,,,,,,
Na2CrO4+H2O2+HCl,CrO5(blue)+H2O+NaCl,CrO5 is stabilized in presence of an organic ligand,,,,,,,,,,,,,,,,,,,,,,,,,,,,,,,,,,,,,,,,,,,,,,,
Zn(NO3)2+â–²->,ZnO+NO2+O2,Can be seen like H2O+NO2+O2,,,,,,,,,,,,,,,,,,,,,,,,,,,,,,,,,,,,,,,,,,,,,,,
LiCl.2H2O+â–²->,LiCl+H2O,Not all hydrated chlorides become oxides,,,,,,,,,,,,,,,,,,,,,,,,,,,,,,,,,,,,,,,,,,,,,,,
BeCl2.4H2O+â–²->,Be(OH)2+HCl,Exceptional,,,,,,,,,,,,,,,,,,,,,,,,,,,,,,,,,,,,,,,,,,,,,,,
Cations whose hydrated Chlorides on pyrolysis give oxides,Sn(II) Sn(IV) Bi Cu Hg(II) Al Zn Fe(III) Cr Mn Mg Fe(II),Metals whose Chlorides are soluble but hydroxides are only sparingly soluble will give HCl gas and oxide ppt since pyrolysis prefers ppt-ing and gas-ing,Include ox state in roman numerals if ambiguous,1,,,,,,,,,,,,,,,,,,,,,,,,,,,,,,,,,,,,,,,,,,,,,
Ag+Na2S2O3(excess)->,Na3[Ag(S2O3)2]+Na2S,"Like SO3 and CO3, it dissolves on excess. But with S2O3 its because of complexation not bianion",,,,,,,,,,,,,,,,,,,,,,,,,,,,,,,,,,,,,,,,,,,,,,,
ZnO+H2 (high T)->,H2O+Zn,"At high T, H reaches C in reactivity series/ellingham",,,,,,,,,,,,,,,,,,,,,,,,,,,,,,,,,,,,,,,,,,,,,,,
Ash Test for Zinc,Co(NO3)2+ZnO->CoZnO2(Green)+NO2+O2,,Use Oxide form,,,,,,,,,,,,,,,,,,,,,,,,,,,,,,,,,,,,,,,,,,,,,,
CuO+â–²(<1800K)->,Cu2O(red) + O2,Rusty red is the characteristic colour of Cu+,,,,,,,,,,,,,,,,,,,,,,,,,,,,,,,,,,,,,,,,,,,,,,,
CuCl2(aq) on Crystallization,CuCl2.2H2O(Green),"Cu+2 is generally Blue in solution, Green in crystal",Include Colour,,,,,,,,,,,,,,,,,,,,,,,,,,,,,,,,,,,,,,,,,,,,,,
CuCl2+HCl(excess)->,H2[CuCl4](green),This is almost effectively as in crystal (Green) because Cu is not complexing with water but Cl instead,Include Colour,,,,,,,,,,,,,,,,,,,,,,,,,,,,,,,,,,,,,,,,,,,,,,
Water of Crystallization in the Sulphates:,"7,7,5,0",,"Zn, Fe(II), Cu(II), Ag",3,,,,,,,,,,,,,,,,,,,,,,,,,,,,,,,,,,,,,,,,,,,,,
Ln+C (High T)->,Ln2C6,Ethynoids,Where Ln is a lanthanoid,,,,,,,,,,,,,,,,,,,,,,,,,,,,,,,,,,,,,,,,,,,,,,
Diamagnetic Lanthanoids,Ce(IV) Yb(II) Lu(III),The actually lie after one d element (La) and not immediately after sblock. So that make Lu(III) and Yb(II) full-f configurations. Ce(IV) is noble configuration.,Include roman numerals. Space seperate.,1,,,,,,,,,,,,,,,,,,,,,,,,,,,,,,,,,,,,,,,,,,,,,
Fe+H2SO4->,FeSO4+H2,Fe(II) gains stability when full t2g prefered (Mostly in solution),,,,,,,,,,,,,,,,,,,,,,,,,,,,,,,,,,,,,,,,,,,,,,,
FeSO4+Air+â–²->,Fe2O3+SO2+SO3,Fe(III) is more stable in air,,,,,,,,,,,,,,,,,,,,,,,,,,,,,,,,,,,,,,,,,,,,,,,
Fe(COO)2 on Calcination->,FeO+CO+CO2,FeO is stable at high temperature (Almost like CO and CO2) given no free O2 around. It will move to Fe2O3 and Fe on cooling,,,,,,,,,,,,,,,,,,,,,,,,,,,,,,,,,,,,,,,,,,,,,,,
FeCl2+O2->,Fe2O3+FeCl3,Fe(III) is more stable in air. The Cl released oxidizes more FeCl2 even thought Fe(II) is more stable in solution. Cl2 is formed only on excess of FeCl2,,,,,,,,,,,,,,,,,,,,,,,,,,,,,,,,,,,,,,,,,,,,,,,
FeCl2+H2O->,Fe3O4+HCl+H2,"Readily hydrolysed, in absense of O2 Magnetite is formed exceptionally",,,,,,,,,,,,,,,,,,,,,,,,,,,,,,,,,,,,,,,,,,,,,,,
Preparation of Na2O,Na+NaNO3->Na2O+N2,"Na is so reducing that it reduces NO3 to N2, not just take an O to make it NaNO2",,,,,,,,,,,,,,,,,,,,,,,,,,,,,,,,,,,,,,,,,,,,,,,
Mg+C->,Mg2C3,Propanide,,,,,,,,,,,,,,,,,,,,,,,,,,,,,,,,,,,,,,,,,,,,,,,
Pb+H2SO4->,no rxn,Protective coating often renders Pb less reaction than expected,,,,,,,,,,,,,,,,,,,,,,,,,,,,,,,,,,,,,,,,,,,,,,,
Carborundum Preparation,(SiO2)n+C->(SiC)n+CO,CO at high T,Dont notate heating. Use true forms,,,,,,,,,,,,,,,,,,,,,,,,,,,,,,,,,,,,,,,,,,,,,,
K4[Fe(CN)6]+H2SO4(conc)+H2O->,K2SO4+FeSO4+(NH4)2SO4+CO,"H2SO4 is capable of breaking the complex. HCN is then hydrolysed -> HCOOH+NH3 which then undergoes alpha dehydration due to H2SO4 and NH3 is captured. Conc H2SO4 is just to break complex, once added its not concentrated in the test tube anymore and wont oxidize Fe.",,,,,,,,,,,,,,,,,,,,,,,,,,,,,,,,,,,,,,,,,,,,,,,
Preparation of Phosgene,CO+Cl2->COCl2,CO is passed through Chlorine Water,,,,,,,,,,,,,,,,,,,,,,,,,,,,,,,,,,,,,,,,,,,,,,,
CO2+NH3+â–²->,NH2CONH2+H2O,Acid-Base NH3CO2; H exchange NH2COOH; Ammonia Salt NH2COONH4; COONH4->CONH2,,,,,,,,,,,,,,,,,,,,,,,,,,,,,,,,,,,,,,,,,,,,,,,
Preparation of CS2,CH4+S8+SiO2/Al2O3->H2S+CS2,Behaves analogous combustion. Include catalyst as if it was a reactant. Split alternative catalysts by /.,Include catalyst as if it was a reactant,,,,,,,,,,,,,,,,,,,,,,,,,,,,,,,,,,,,,,,,,,,,,,
CS2+NaOH->,Na2CO3+Na2CS3+H2O,Behaves analogous to CO2,,,,,,,,,,,,,,,,,,,,,,,,,,,,,,,,,,,,,,,,,,,,,,,
SiO2+Cl2->,no rxn,Only F2 can displace O2,,,,,,,,,,,,,,,,,,,,,,,,,,,,,,,,,,,,,,,,,,,,,,,
SnO+NaOH+â–²->,Na2[Sn(OH)6]+Sn,Heat will cause Sn(II)->Sn(IV),,,,,,,,,,,,,,,,,,,,,,,,,,,,,,,,,,,,,,,,,,,,,,,
HgCl2+FeCl2(excess)->,Hg2Cl2(ppt)+FeCl3,"Stops at Hg2Cl2 as FeCl2 isnt really a reducer in fact, reaction is more driven by Hg",,,,,,,,,,,,,,,,,,,,,,,,,,,,,,,,,,,,,,,,,,,,,,,
HgCl2+SnCl2(excess)->,Hg+SnCl4,Doesn't stop at Hg2Cl2,,,,,,,,,,,,,,,,,,,,,,,,,,,,,,,,,,,,,,,,,,,,,,,
PbO2+HCl (cold)->,H2[PbCl6]+H2O,"PbCl4 is not formed that easily, even worse, if not cold PbCl4 will disproportionate",,,,,,,,,,,,,,,,,,,,,,,,,,,,,,,,,,,,,,,,,,,,,,,
CaO+SiO2->,CaSiO3(ppt),Flux is added to make it slag,,,,,,,,,,,,,,,,,,,,,,,,,,,,,,,,,,,,,,,,,,,,,,,
Silica,(SiO2)n,Often written as SiO2,,,,,,,,,,,,,,,,,,,,,,,,,,,,,,,,,,,,,,,,,,,,,,,
Scandium Pyrosilicate,Sc2Si2O7,Ortho Pyro Meta naming applies to Silicates too,,,,,,,,,,,,,,,,,,,,,,,,,,,,,,,,,,,,,,,,,,,,,,,
Preparation of Silicones,Si+RCl+Cu->SiR2Cl2+H2O->(SiR2O)n,Cu dehydrogenates. It is better written as SiR2 to signify how Si is less EN than C. Si doesn't gem diol eliminate but make ether links. Si is easier to obtain in elemental form than SiH4 to start with. Cant start with SiO2 or SiCl4 for reaction control.,"Add reagant right away on subsequent steps, Include catalyst as if it was a reagant. Ignore byproducts.",,,,,,,,,,,,,,,,,,,,,,,,,,,,,,,,,,,,,,,,,,,,,,
Silane+H2O->,no rxn,Silane is much more covalent and will not give H2 so fast,,,,,,,,,,,,,,,,,,,,,,,,,,,,,,,,,,,,,,,,,,,,,,,
Silane+H2O [OH]->,H2+SiO2,Hydrolysis of SiH4 needs attack by OH unlike comparatively more ionic% hydrides,Use emperical-form,,,,,,,,,,,,,,,,,,,,,,,,,,,,,,,,,,,,,,,,,,,,,,
N(SiH3)3 Hybridization,sp2,"SiH4 behaves very much like BH3, It is slightly lewis acidic and also shows backbonding",,,,,,,,,,,,,,,,,,,,,,,,,,,,,,,,,,,,,,,,,,,,,,,
SiCl4+H2O->,Si(OH)4+HCl,H2[SiCl6] is not formed. Cl doesn't drag electron to itself enough to shrink higher d-orbitals and bring them to bonding energy. only F does it for Si.,,,,,,,,,,,,,,,,,,,,,,,,,,,,,,,,,,,,,,,,,,,,,,,
B2H6+N(CH3)3->,N(CH3)3BH3,Assymetric splitting by Ionic Base doesnt happen here as it is a Bulky Base. So It is forced to act as a covalent base and symetrically split.,,,,,,,,,,,,,,,,,,,,,,,,,,,,,,,,,,,,,,,,,,,,,,,
Producer Gas,CO+N2,,,,,,,,,,,,,,,,,,,,,,,,,,,,,,,,,,,,,,,,,,,,,,,,
SnCl2+NaCl->,Na2[SnCl4]+Na[SnCl3],Sn shows complex anions of both monovalent and divalent with halogens,Include all products,,,,,,,,,,,,,,,,,,,,,,,,,,,,,,,,,,,,,,,,,,,,,,
SnCl4+NaCl->,Na[SnCl5]+Na2[SnCl6],Sn shows complex anions of both monovalent and divalent with halogens,Include all products,,,,,,,,,,,,,,,,,,,,,,,,,,,,,,,,,,,,,,,,,,,,,,
PbCl2+LiEt->,PbEt4+Pb+LiCl,Pb(II) is comparatively more ionic (its the only clear cation in group 14). But Et wants covalence. (HSAB),,,,,,,,,,,,,,,,,,,,,,,,,,,,,,,,,,,,,,,,,,,,,,,
CS2+Cl2+FeCl3 (Cold)->,CCl4+S2Cl2,"Reaction is initiated by Cl+. SCl2 is not formed. S2Cl2 at higher temperature will break into S2. When theres both S8(ppt) and Cl2, S2Cl2 is always a possible product.",,,,,,,,,,,,,,,,,,,,,,,,,,,,,,,,,,,,,,,,,,,,,,,
SnO2+HNO3(conc)->,no rxn,SnO2 reacts only with H2SO4 for some reason.,,,,,,,,,,,,,,,,,,,,,,,,,,,,,,,,,,,,,,,,,,,,,,,
SnCl2+H2O->,Sn(OH)Cl(ppt)+HCl,It precipitates before complete hydrolysis can happen (like SbOCl and BiOCl),,,,,,,,,,,,,,,,,,,,,,,,,,,,,,,,,,,,,,,,,,,,,,,
SnCl2+Na2S->,"SnS(ppt,brown)+NaCl","There's no redox possibility here, Sn wont really reduce anything",,,,,,,,,,,,,,,,,,,,,,,,,,,,,,,,,,,,,,,,,,,,,,,
SnCl4+H2S->,"SnS2(ppt,yellow)+HCl",,,,,,,,,,,,,,,,,,,,,,,,,,,,,,,,,,,,,,,,,,,,,,,,
P4(white)+â–²(300K)->,(P4)n(red),,,,,,,,,,,,,,,,,,,,,,,,,,,,,,,,,,,,,,,,,,,,,,,,
P4(white)+â–² (High P)->,(P)n(black),,,,,,,,,,,,,,,,,,,,,,,,,,,,,,,,,,,,,,,,,,,,,,,,
P4(white)+â–²(extreme)->,P2,"Analogous to N2, releases P2 similar to S2 in heating of S8",,,,,,,,,,,,,,,,,,,,,,,,,,,,,,,,,,,,,,,,,,,,,,,
H2O2 as a reducing agent,2[H]+O2,,Only products of the Half reaction,,,,,,,,,,,,,,,,,,,,,,,,,,,,,,,,,,,,,,,,,,,,,,
H2O2 as an oxidizing agent,H2O+[O],,Only products of the Half reaction,,,,,,,,,,,,,,,,,,,,,,,,,,,,,,,,,,,,,,,,,,,,,,
Phosphorus Pentoxide,P4O10,Common name is derived from emperical form P2O5 for some reason,,,,,,,,,,,,,,,,,,,,,,,,,,,,,,,,,,,,,,,,,,,,,,,
PCl5+HCl,H[PCl6],Cl is good enough to shrink 2 d orbitals of P,,,,,,,,,,,,,,,,,,,,,,,,,,,,,,,,,,,,,,,,,,,,,,,
P4(red)+Air->,no rxn,"P4O10 is not formed unlike white P, red P is relatively less reactive",,,,,,,,,,,,,,,,,,,,,,,,,,,,,,,,,,,,,,,,,,,,,,,
Combustion of PH3,H3PO4+H2O,"Like CO2 and H2O, P's combusted form is usually P4O10, but since H2O is generated too, H3PO4 is formed",,,,,,,,,,,,,,,,,,,,,,,,,,,,,,,,,,,,,,,,,,,,,,,
PH3+Ca(OCl)Cl+H2O->,PCl3+Ca(OH)2+HCl,PH3 has a surprising tendency to act like P-3 and H+ (and taking Cl+ from OCl) eventhough H is more electronegative here. This reaction is unlike NH3 where OCl will oxidize NH3,,,,,,,,,,,,,,,,,,,,,,,,,,,,,,,,,,,,,,,,,,,,,,,
CuSO4+PH3->,Cu3P2+H2SO4,HSAB. PH3 has a surprising tendency to act like P-3 and H+ eventhough H is more electronegative here.,,,,,,,,,,,,,,,,,,,,,,,,,,,,,,,,,,,,,,,,,,,,,,,
PH3+Cl2->,PCl3+HCl,"PH3 has a surprising tendency to act like P-3 and H+ eventhough H is more electronegative here. (This is only for PH3, once PCl3 is formed its just Pd+ - Cld-",,,,,,,,,,,,,,,,,,,,,,,,,,,,,,,,,,,,,,,,,,,,,,,
NH3+Ca(OCl)Cl->,CaCl2+N2+H2O,Bleaching action,,,,,,,,,,,,,,,,,,,,,,,,,,,,,,,,,,,,,,,,,,,,,,,
Assymetric Nitrogen Oxides,N2O3(blue) N2O,,,1,,,,,,,,,,,,,,,,,,,,,,,,,,,,,,,,,,,,,,,,,,,,,
N2H4+2CuSO4->,Cu+N2+H2SO4,"Chemistry of N2H4 is very similar to H2O2 except N2H4 is not as redox-y as H2O2 and if redox, N2H4 is more reducing than oxidizing. N2H4->N2+[H]",,,,,,,,,,,,,,,,,,,,,,,,,,,,,,,,,,,,,,,,,,,,,,,
N2H4+Zn+HCl->,ZnCl2+NH3,"Chemistry of N2H4 is very similar to H2O2 except N2H4 is not as redox-y as H2O2 and if redox, N2H4 is more reducing than oxidizing. N2H4+[H]->NH3",,,,,,,,,,,,,,,,,,,,,,,,,,,,,,,,,,,,,,,,,,,,,,,
PtF6+O2->,O2[PtF6],,,,,,,,,,,,,,,,,,,,,,,,,,,,,,,,,,,,,,,,,,,,,,,,
Xe+F2 ratios,"2:1, 1:5, 1:20",,Comma Seperate,3,,,,,,,,,,,,,,,,,,,,,,,,,,,,,,,,,,,,,,,,,,,,,
XeF6+H2O(limited)->,XeOF4+XeO2F2+HF,It cant be controlled if XeOF4 is formed or XeO2F2,Include all products,,,,,,,,,,,,,,,,,,,,,,,,,,,,,,,,,,,,,,,,,,,,,,
XeF6+SiO2->,XeOF4+XeO2F2+XeO3+SiF4,It cant be controlled if XeOF4 is formed or XeO2F2 or even XeO3,Include all products,,,,,,,,,,,,,,,,,,,,,,,,,,,,,,,,,,,,,,,,,,,,,,
XeF6+NaF->,Na[XeF7],Happens only with Group I Flourides,,,,,,,,,,,,,,,,,,,,,,,,,,,,,,,,,,,,,,,,,,,,,,,
XeF4+SbF5->,[XeF3][SbF6],"F is a bridging ligand here, Xe if a flourinating agent and SbF5 is a deficient (neither octet, nor octahedral) flourides",,,,,,,,,,,,,,,,,,,,,,,,,,,,,,,,,,,,,,,,,,,,,,,
NH3+NaOCl(1:1)->,NH2Cl+NaOH,"Cl+ displaces H+; if not 1:1 N2H4, N2, NH4Cl and several others maybe formed",,,,,,,,,,,,,,,,,,,,,,,,,,,,,,,,,,,,,,,,,,,,,,,
NH4Cl+NaNH2->,NH3+NaCl,Neutralization but in Ammonical medium,,,,,,,,,,,,,,,,,,,,,,,,,,,,,,,,,,,,,,,,,,,,,,,
Ba(NO3)2+AgCl->,no rxn,AgCl isnt even soluble to participate in displacement. Sometime HSAB doesnt give a clear side of product similar to this reaction. In aqueous medium it is driven by precipiation of AgCl and AgCl side is prefered.,,,,,,,,,,,,,,,,,,,,,,,,,,,,,,,,,,,,,,,,,,,,,,,
Ba(NO3)2+AgCl->(in NH3),BaCl2(ppt)+AgNO3,Sometime HSAB doesnt give a clear side of product similar to this reaction. In ammonical medium it is driven by precipiation of BaCl2 and AgNO3 is exceptionally soluble by [Ag(NH3)2]. Most Chlorides precipitate in NH3,,,,,,,,,,,,,,,,,,,,,,,,,,,,,,,,,,,,,,,,,,,,,,,
ZnCl2+NH4OH(excess)->,[Zn(NH3)4]Cl2+H2O,Zn(OH)2 precipitate dissolves due to complexation,,,,,,,,,,,,,,,,,,,,,,,,,,,,,,,,,,,,,,,,,,,,,,,
Zn(NH2)2+KNH2->,K2[Zn(NH2)4],Amphoteric Zinc. NH2- is ditto as OH-.,,,,,,,,,,,,,,,,,,,,,,,,,,,,,,,,,,,,,,,,,,,,,,,
Laboratory Preparation of N2,NH4Cl+NaNO2->N2+NaCl+H2O,Effectively same as pyrolysis of NH4NO2 but using heat from the double displacement reaction,,,,,,,,,,,,,,,,,,,,,,,,,,,,,,,,,,,,,,,,,,,,,,,
Be+Air->,no rxn,"Protective later coating will basically happen for most covalent ones and prepicipitates (PbSO4, AgCl, BeO, ZnO(Zn(OH)2)...) ",,,,,,,,,,,,,,,,,,,,,,,,,,,,,,,,,,,,,,,,,,,,,,,
Preparation of BeF2(anhydrous),BeO+NH3+HF->(NH4)2[BeF4]->BeF2,,Ignore byproducts,,,,,,,,,,,,,,,,,,,,,,,,,,,,,,,,,,,,,,,,,,,,,,
Be+H2->,no rxn,"Be is not reducing enough (its the worst in sblock) Like H2O, its not reactice to BeH2 either. BeH2 is made using LiAlH4",,,,,,,,,,,,,,,,,,,,,,,,,,,,,,,,,,,,,,,,,,,,,,,
N2+O2 (extreme T)->,NO,"Similar to CO's stability at high T, NO gains too",,,,,,,,,,,,,,,,,,,,,,,,,,,,,,,,,,,,,,,,,,,,,,,
Urea+H2O->,(NH4)2CO3,Acyl sub -> H2CO3 + 2NH3,,,,,,,,,,,,,,,,,,,,,,,,,,,,,,,,,,,,,,,,,,,,,,,
PCl3+NH3->,P(NH2)3+NH4Cl,"Suprising P-3 character was only for phosphine, PCl3 is just as expected. NH3 is doing solvolysis just like H2O",,,,,,,,,,,,,,,,,,,,,,,,,,,,,,,,,,,,,,,,,,,,,,,
HNO3+P4O10->,H4P4O12+N2O5,"In emperical form it looks like the centres just swapped: HNO3+P2O5->HPO3+N2O5. Unlike hydrolysis, not all anhydride links are broken. Anhydride links are broken until there's no 3 membered cycles left. OH is taken from acyl sub of NO3- on NO2(OH).",,,,,,,,,,,,,,,,,,,,,,,,,,,,,,,,,,,,,,,,,,,,,,,
Ostwald's Process - Main step,NH3+O2+Pt->NO+H2O,effectively H-exchange driven by Pt between N and O. Used in prep of HNO3,Include (Major) Catalyst as if it was a reagant,,,,,,,,,,,,,,,,,,,,,,,,,,,,,,,,,,,,,,,,,,,,,,
NO3- Confirmatory,NO3+H2SO4(conc)+FeSO4->[Fe(H2O)5NO]SO4(brown ring),"This is a reaction with metal because Fe is oxidized, but concentration of H2SO4 is to initiate the reaction and once into the test tube, its not really concentrated anymore (NO formed)",Ignore byproducts for this reaction,,,,,,,,,,,,,,,,,,,,,,,,,,,,,,,,,,,,,,,,,,,,,,
NaNO2+FeSO4+H2SO4(conc)->,Na2SO4+Fe2(SO4)3+NO2+SO2+H2O,NO2 doesnt need conc. H2SO4 since HNO2 will become HNO3+NO+O2 on its own. NO is further oxidized in conc H2SO4.,,,,,,,,,,,,,,,,,,,,,,,,,,,,,,,,,,,,,,,,,,,,,,,
NaNO2+FeSO4+H2SO4->,Na2SO4+Fe2(SO4)3+[Fe(H2O)5NO]SO4(brown ring)+H2O,Doesnt need conc. H2SO4 since HNO2 will become HNO3+NO+O2,,,,,,,,,,,,,,,,,,,,,,,,,,,,,,,,,,,,,,,,,,,,,,,
Na2S+HNO3->,S8(ppt)+NO2+H2O+NaNO3,"S-- becomes S8 with mild oxidizer, SO4 with strong oxidizer and S2O3 when *it is* the reducer.",,,,,,,,,,,,,,,,,,,,,,,,,,,,,,,,,,,,,,,,,,,,,,,
Na2S+HNO3(conc)->,Na2SO4+NO2+H2O,Product of reduced half is different only with metals. Conc. HNO3 is actually a strong oxidizer and will oxidize S-- straight to SO4,,,,,,,,,,,,,,,,,,,,,,,,,,,,,,,,,,,,,,,,,,,,,,,
Cu+HNO3->,Cu(NO3)2+NO+H2O,"Dilute and concentrated give different products only in reaction with metals. With dilute, there's lesser NO3 than metal, so each NO3 go to NO. This is only with metals because the reduced metal would displace another HNO3 and give enough H+ for this reaction to proceed.",,,,,,,,,,,,,,,,,,,,,,,,,,,,,,,,,,,,,,,,,,,,,,,
Ag+HNO3(conc)->,AgNO3+NO2+H2O,"Ag is not exactly displacing H here. It is less reactive than H, but the anion is oxidizing and oxidizes Ag. Dilute and concentrated give different products only in reaction with metals. With concentrated, its the usual reaction (NO2).",,,,,,,,,,,,,,,,,,,,,,,,,,,,,,,,,,,,,,,,,,,,,,,
Zn+HNO3->,Zn(NO3)2+N2O+H2O,"Why would Zn reduce H2 if it can easily reduce HNO3. With strongly reducing metals, N2O maybe formed for dilute following the same logic as HNO3->NO.",,,,,,,,,,,,,,,,,,,,,,,,,,,,,,,,,,,,,,,,,,,,,,,
P4+SOCl2-> (Only Major Products),PCl3+SO2+S2Cl2,"Either S2Cl2 and PCl3 formed or PCl5 and S. Cant control which of the two happens in a mixture but PCl3 is major. When theres both S8(ppt) and Cl2, S2Cl2 is always a possible product",All products,,,,,,,,,,,,,,,,,,,,,,,,,,,,,,,,,,,,,,,,,,,,,,
Byproduct of SN2 of ROH using PCl3,H3PO3,,,,,,,,,,,,,,,,,,,,,,,,,,,,,,,,,,,,,,,,,,,,,,,,
Byproduct of SN2 of RCOOH using PCl5,H3PO4+HCl,,,,,,,,,,,,,,,,,,,,,,,,,,,,,,,,,,,,,,,,,,,,,,,,
Byproduct of SN2 of ROH using PCl5,POCl3+HCl,Esterification happens beyond this at the phosphonyl,,,,,,,,,,,,,,,,,,,,,,,,,,,,,,,,,,,,,,,,,,,,,,,
PCl5(s) - True Form,[PCl4][PCl6],,,,,,,,,,,,,,,,,,,,,,,,,,,,,,,,,,,,,,,,,,,,,,,,
Metaphosphoric acid from Phosphorus acid,H3PO3+Br2->HBr+(HPO3)n,This weak oxidizer will oxidize H3PO3 like how it oxidizes carbonyl. Addition of Br+ and H2PO3- -> Elimination of HBr -> Repeat,"Don't notate heating, Several methods are possible but use the reaction given in ncert",,,,,,,,,,,,,,,,,,,,,,,,,,,,,,,,,,,,,,,,,,,,,,
Phosphinic acid,H3PO2,Another name for hypophosphorous acid,,,,,,,,,,,,,,,,,,,,,,,,,,,,,,,,,,,,,,,,,,,,,,,
Phosphonic acid,H3PO3,Another name for phosphorous acid,,,,,,,,,,,,,,,,,,,,,,,,,,,,,,,,,,,,,,,,,,,,,,,
Hypophosphoric acid,H4P2O6,"Hypo shouldve been 2 ox states lesser than phosphoric acid, but chemists do not like homogenous naming smh. This doesn't have an anhydride link as seen by symmetry.",,,,,,,,,,,,,,,,,,,,,,,,,,,,,,,,,,,,,,,,,,,,,,,
AgNO3+H3PO2+H2O->,Ag+H3PO4+HNO3,"Can be seen like Tollen test for phosphonyl, but the reaction is driven stronger by H3PO2's reducing nature than Ag",,,,,,,,,,,,,,,,,,,,,,,,,,,,,,,,,,,,,,,,,,,,,,,
S2Cl2+H2O->,SO2+S8(ppt)+HCl,S2Cl2 readily disproportionates into SCl4 and S. The reaction is really hydrolysis of SCl4 not hydrolysis of S2Cl2,,,,,,,,,,,,,,,,,,,,,,,,,,,,,,,,,,,,,,,,,,,,,,,
P4O6+HCl->,2H3PO3+2PCl3,HCl wont allow identical treatment of all P. 2PCl3+2H3PO3 is formed. (PCl3+3P(OH)2Cl is not that great),,,,,,,,,,,,,,,,,,,,,,,,,,,,,,,,,,,,,,,,,,,,,,,
Na2SO3+â–²->,Na2S+Na2SO4,"Not at ortho form and thus disproportionates. In salt form, it doesnt escape as S8.",,,,,,,,,,,,,,,,,,,,,,,,,,,,,,,,,,,,,,,,,,,,,,,
Preparation of SO3,SO2+O2+V2O5->SO3,V2O5 is amphoteric. It serves both the purpose of a lewis base to stabilize SO3 and also a surface for reaction (similar to other transition metal catalysts). NO(g) can also be used but less effective.,Include catalyst as if it was a reagant,,,,,,,,,,,,,,,,,,,,,,,,,,,,,,,,,,,,,,,,,,,,,,
HCl+O2+CuCl2->,Cl2+H2O,"This is the Deacan process. CuCl2 is just a catalyst here, it has no HSAB possibility nor redox possibility to proceed. H2[CuCl4]+O2 is easier for O2 to take H2",,,,,,,,,,,,,,,,,,,,,,,,,,,,,,,,,,,,,,,,,,,,,,,
Acidic oxides of 3d-series,CrO3 Mn2O7(dark green),,,1,,,,,,,,,,,,,,,,,,,,,,,,,,,,,,,,,,,,,,,,,,,,,
KI(excess)+O3+H2O->,KI3(brown)+O2+KOH,"Excess is to say that it isnt oxidized to IO3-, it is oxidized to I2 which is readily captured by KI. note that it is not wrong to write **I2 + O2 + KOH**",,,,,,,,,,,,,,,,,,,,,,,,,,,,,,,,,,,,,,,,,,,,,,,
S2 (Magnetic nature),Paramagnetic,Analogous to O2,,,,,,,,,,,,,,,,,,,,,,,,,,,,,,,,,,,,,,,,,,,,,,,
Preparation of SulfurylChloride,SO2+Cl2+C->SO2Cl2,C will attempt reducing Cl2 by making a Carbene.,Include catalyst as if it was a reagant,,,,,,,,,,,,,,,,,,,,,,,,,,,,,,,,,,,,,,,,,,,,,,
Contact Process,FeS+O2->SO2+O2+V2O5->SO3+H2SO4->H2S2O7+H2O->H2SO4,FeS is obtained in ore form (not Fe2S3 owing to S's reducing nature),Ignore byproducts. Add reagants in consecutive steps right away. Add catalyst like its a reagant,,,,,,,,,,,,,,,,,,,,,,,,,,,,,,,,,,,,,,,,,,,,,,
Least stable haloxides are made by,Br,,,,,,,,,,,,,,,,,,,,,,,,,,,,,,,,,,,,,,,,,,,,,,,,
Aqua Regia - Formation,HCl+HNO3->NOCl+Cl2+H2O,High H from HCl is forcing NO2 to break into H2O+nitrosyl,Drop (conc) because the need to be concentrated obviously,1,,,,,,,,,,,,,,,,,,,,,,,,,,,,,,,,,,,,,,,,,,,,,
Aqua Regia + Pt->,NOCl+Cl2+HCl+Pt->H2[PtCl6]+NO,NOCl+Pt->NO+PCl4; Cl2+Pt->PtCl4; and some HCl unreacted originally. Pt4+ prefers 6 coordination unlike Pt2+ in cisplatin,Ignore colours,,,,,,,,,,,,,,,,,,,,,,,,,,,,,,,,,,,,,,,,,,,,,,
Interhalogen Compounds with I-centre,ICl IBr ICl3 IF3 IF5 IF7,"Except that IF is unstable, Uniform pattern of 2F exclusive high ones, one F-Cl, one F-Br... and uniform increase with change in centre.",,1,,,,,,,,,,,,,,,,,,,,,,,,,,,,,,,,,,,,,,,,,,,,,
Interhalogen Compounds with Br-centre,BrF BrCl BrF3 BrF5,"Uniform pattern of 2F exclusive high ones, one F-Cl, one F-Br... and uniform increase with change in centre",,1,,,,,,,,,,,,,,,,,,,,,,,,,,,,,,,,,,,,,,,,,,,,,
Interhalogen Compounds with Cl-centre,ClF ClF3,"Uniform pattern of 2F exclusive high ones, one F-Cl, one F-Br... and uniform increase with change in centre",,1,,,,,,,,,,,,,,,,,,,,,,,,,,,,,,,,,,,,,,,,,,,,,
Oxyacids of I and Br,HOX HXO3 HXO4,HMO2 doesnt exist,use X for the halogen,1,,,,,,,,,,,,,,,,,,,,,,,,,,,,,,,,,,,,,,,,,,,,,
Oxyacids of F,HOF,F can make only 1 bond,,1,,,,,,,,,,,,,,,,,,,,,,,,,,,,,,,,,,,,,,,,,,,,,
KClO3+MnO2+â–²->,KCl+O2,Pyrolysis is driven by gas-ing. KCl is more stable than K2O. Pyrolusite is a catalyst here,,,,,,,,,,,,,,,,,,,,,,,,,,,,,,,,,,,,,,,,,,,,,,,
Zn(ClO3)2+â–²->,ZnO+Cl2+O2,Exceptional because ZnO precipitates and supports pyrolysis,,,,,,,,,,,,,,,,,,,,,,,,,,,,,,,,,,,,,,,,,,,,,,,
Side Reaction in Chloralkali,NaOH+Cl2->NaOCl+NaCl+H2O,This is why Diaphragm and Amalgam methods were designed,,,,,,,,,,,,,,,,,,,,,,,,,,,,,,,,,,,,,,,,,,,,,,,
Amalgamated Castner Kellner Process,NaCl(conc)->Na(Hg)+Cl2,Dilute NaCl will not cause overpotential and O2 will be produced,,,,,,,,,,,,,,,,,,,,,,,,,,,,,,,,,,,,,,,,,,,,,,,
"NaOH(cold,dil)+Cl2",NaOCl+H2O+NaCl,Side reaction in Chloralkali and Chlorate processes,,,,,,,,,,,,,,,,,,,,,,,,,,,,,,,,,,,,,,,,,,,,,,,
"NaOH(hot,conc)+Cl2",NaClO3+H2O+NaCl,"This react + Chloralkali is combined as electrolysis of NaCl(hot,conc) and is known as Chlorate process. ClO3 is stable at high T.",,,,,,,,,,,,,,,,,,,,,,,,,,,,,,,,,,,,,,,,,,,,,,,
Preparation of NaClO4,NaClO3+H2O->NaClO4+H2,"Electrolysis, O2 at anode is recieved by ClO3",,,,,,,,,,,,,,,,,,,,,,,,,,,,,,,,,,,,,,,,,,,,,,,
HOCl+â–²->,HCl+HClO4,Acids will disproportionate to extremes. It sometimes result in HClO3 and it depends on concentration,,,,,,,,,,,,,,,,,,,,,,,,,,,,,,,,,,,,,,,,,,,,,,,
HClO3+â–²->,HClO4+ClO2+H2O,this reaction is more similar to HNO2->HNO3+NO+H2O and is driven by ClO2 release than disproportionation.,,,,,,,,,,,,,,,,,,,,,,,,,,,,,,,,,,,,,,,,,,,,,,,
KClO3->,KClO4+KCl,"Extremes are more stable, except in salt form ClO4 is the clear winner",,,,,,,,,,,,,,,,,,,,,,,,,,,,,,,,,,,,,,,,,,,,,,,
NaClO4+H2SO4(conc)->,no rxn,ClO4- anions are not like CO3 or SO2 to release ClO2. Its too weak a base to become HClO4 with acid and then decompose because of high concentration of HClO4->ClO2+HCl+H2O,,,,,,,,,,,,,,,,,,,,,,,,,,,,,,,,,,,,,,,,,,,,,,,
HClO2(conc)->,ClO2+HCl+H2O,"Concentrated oxoacids of Halogens readily decompose,Cl2+O2 if not ClO2",,,,,,,,,,,,,,,,,,,,,,,,,,,,,,,,,,,,,,,,,,,,,,,
AgCl+HCN(excess)->,H[Ag(CN)2]+HCl,"Just like S2O3, NH3, SCN... AgCl dissolves here by complexation",,,,,,,,,,,,,,,,,,,,,,,,,,,,,,,,,,,,,,,,,,,,,,,
Group II ppts that dissolve in Yellow Ammonium Sulphide,SnS(brown) SnS2(yellow),All the amphoteric ones basically,"Include Tin precipitates, Tin isnt there in qualitative an. syllabus but is studied in block chemistry",1,,,,,,,,,,,,,,,,,,,,,,,,,,,,,,,,,,,,,,,,,,,,,
PbCl2+H3PO4,HCl+Pb3(PO4)2(ppt),"Pb follows colours same as Ag's compounds except PO4, Chromate and Oxide",,,,,,,,,,,,,,,,,,,,,,,,,,,,,,,,,,,,,,,,,,,,,,,
PbSO4+CH3COONH4->,(NH4)2[Pb(CH3COO)4]+(NH4)2SO4,Displacement followed by complexation,,,,,,,,,,,,,,,,,,,,,,,,,,,,,,,,,,,,,,,,,,,,,,,
AgNO3+â–²->,AgNO2+O2,Surprisingly AgNO2 is stable even upto 400*C,,,,,,,,,,,,,,,,,,,,,,,,,,,,,,,,,,,,,,,,,,,,,,,
CuSO4+NH4OH-> (Colour Change),blue -> Deep Blue,"Due to complexation of Cu. Zn, Cu and Ag readily complex with NH3 and give colourless, deep blue and colourless-soluble complexes",,,,,,,,,,,,,,,,,,,,,,,,,,,,,,,,,,,,,,,,,,,,,,,
HgCrO4(colour),Red,Red of Hg overpowers Yellow of CrO4,,,,,,,,,,,,,,,,,,,,,,,,,,,,,,,,,,,,,,,,,,,,,,,
Group II Sulphides insoluble in conc.HCl,"CuS(black) HgS(black, red)",Less reactive than H and not displaced (HSAB),"In case of two colours, seperate by commas and add the most common colour first",1,,,,,,,,,,,,,,,,,,,,,,,,,,,,,,,,,,,,,,,,,,,,,
Group II Sulphides insoluble in conc.HNO3,"HgS(black, red)","HgSO4.HgO - yellow ppt (HgO has a dominating yellow colour), PbSO4 is a ppt too, but Pb can displace H and so Pb(NO3)2 formed. Similarly for other sulphate ppts (and only for sulphates that ppt, otherwise SO4 is formed) too, S8 precipitates","In case of two colours, seperate by commas and add the most common colour first",1,,,,,,,,,,,,,,,,,,,,,,,,,,,,,,,,,,,,,,,,,,,,,
Cu(II) Confirmatory,"Cu+K4[Fe(CN)6]->Cu2[Fe(CN)6](ppt,chocolate brown)",Ferrocyanide is used generally,Use Cu instead of Cu++. Ignore Byproducts,,,,,,,,,,,,,,,,,,,,,,,,,,,,,,,,,,,,,,,,,,,,,,
FeCl3+K3[Fe(CN)6]->,KCl+Fe[Fe(CN)6](brown),This is NOT prussian blue/turnbull blue. Both the Fe are at +3 here and for prussian and turnbull they need to be either,,,,,,,,,,,,,,,,,,,,,,,,,,,,,,,,,,,,,,,,,,,,,,,
CuSO4+KSCN,K2[Cu(SCN)4](black)+K2SO4,"Complexation, Fe(SCN)3 was a complexation too except one of the 3 SCN was inside coordination sphere (similar to brown ring). Cu seems to prefer coord. no. of 4 unlike iron",,,,,,,,,,,,,,,,,,,,,,,,,,,,,,,,,,,,,,,,,,,,,,,
FeCl3+K4[Fe(CN)6](excess)->,KFe[Fe(CN)4](soluble prussian blue)+KCl,True structure of Prussian Blue was Fe[FeFe(CN)6]3 and soluble prussian blue is when theres so much prusside ions that Fe doesnt have to enter coordination sphere.,,,,,,,,,,,,,,,,,,,,,,,,,,,,,,,,,,,,,,,,,,,,,,,
Main reagant in Lake Test,Litmus,Litmus is adsorbed on Al(OH)3 by surface complexation giving the precipitate colour,,,,,,,,,,,,,,,,,,,,,,,,,,,,,,,,,,,,,,,,,,,,,,,
CuS+H2SO4(conc)->,no rxn,"SO4 cant oxidize S, they are extremum of the same element",,,,,,,,,,,,,,,,,,,,,,,,,,,,,,,,,,,,,,,,,,,,,,,
ZnCl2+K4[Fe(CN)6]->,"KCl+Zn2[Fe(CN)6](ppt,bluish white)",,,,,,,,,,,,,,,,,,,,,,,,,,,,,,,,,,,,,,,,,,,,,,,,
Mn(OH)2+Air->,H2MnO3(brown),,,,,,,,,,,,,,,,,,,,,,,,,,,,,,,,,,,,,,,,,,,,,,,,
(CH3COO)2Ca+K2CrO4->,no rxn,"By HSAB, Calcium Chromate ppt is not formed. This is why CH3COOH is poured before doing test for Barium. (CH3COOH is already at acid and not oxidized). BaCrO4 is Yellow",,,,,,,,,,,,,,,,,,,,,,,,,,,,,,,,,,,,,,,,,,,,,,,
Ca(COO)2+CH3COOH->,no rxn,"Unlike Ba, CaC2O4 is insoluble and confirms that its Ca. But BaC2O4 is soluble by HSAB. CH3COO is harder than (COO)2. Dissolving is either complexation or HSAB by Acid-Base (NOT DISPLACEMENT)",,,,,,,,,,,,,,,,,,,,,,,,,,,,,,,,,,,,,,,,,,,,,,,
FeCl2+O3->,Fe2O3+Cl2,Anion is oxidizable too,,,,,,,,,,,,,,,,,,,,,,,,,,,,,,,,,,,,,,,,,,,,,,,
P4O6+H2O->,H3PO3,"Water will allow identical treatment of all P, H3PO3 may disproportionate to PH3+3H3PO4 though",,,,,,,,,,,,,,,,,,,,,,,,,,,,,,,,,,,,,,,,,,,,,,,
F2 (Colour),Flourescent,,,,,,,,,,,,,,,,,,,,,,,,,,,,,,,,,,,,,,,,,,,,,,,,
Aqua Regia + Au,NOCl+Cl2+HCl+Au->H[AuCl4]+NO,Au3+ prefers 4 coordination like Al3+,,,,,,,,,,,,,,,,,,,,,,,,,,,,,,,,,,,,,,,,,,,,,,,
P4+SO2Cl2-> (Only Major Products),PCl5+SO2,PCl3 can also be formed but PCl5 major,,,,,,,,,,,,,,,,,,,,,,,,,,,,,,,,,,,,,,,,,,,,,,,
A cation is confirmed using formation of Azo-dye.,"Fe(III),Blue",," Answer: Cation(Ox. State), Colour observed in test",2,,,,,,,,,,,,,,,,,,,,,,,,,,,,,,,,,,,,,,,,,,,,,
SO2 + H2S->,S8(ppt)+H2O,SNacyl,,,,,,,,,,,,,,,,,,,,,,,,,,,,,,,,,,,,,,,,,,,,,,,
PbSO4+KNO3->,no rxn,"1. Hardness of Anions follow Electrochemical series (F - SO4 - NO3 - X - OH) and 2. Generally, Double displacement dissolving are disfavoured by equi and only complexation or acid-base will dissolve",,,,,,,,,,,,,,,,,,,,,,,,,,,,,,,,,,,,,,,,,,,,,,,
Potassium Flame Colour,Purple,Potassium Purple,,,,,,,,,,,,,,,,,,,,,,,,,,,,,,,,,,,,,,,,,,,,,,,
NaN3+NaNO2->,N2+N2O+Na2O,"N3 being an insane nucleophile attacks NaNO2 to become (NaO)2N2-N2. N2 being great leaving goes, this also gemdiol elimination to get N2O",,,,,,,,,,,,,,,,,,,,,,,,,,,,,,,,,,,,,,,,,,,,,,,
NaNO2+Sulphamic Acid->,NH2SO3Na+H2SO4+N2,Diazotization with SO3H as strong acid and S-NH2 as amine moiety. Sulphamic acid is NH2-SO3H,,,,,,,,,,,,,,,,,,,,,,,,,,,,,,,,,,,,,,,,,,,,,,,
BaSO3+NaNO2->,no rxn,"BaSO3 is a ppt, Ba(NO2)2 isnt as thermally stable as NaNO2 either, So no double displacement. SO3-- is not a very reducing anion, its more an *oxidizable* anion than a *reducing* anion.",,,,,,,,,,,,,,,,,,,,,,,,,,,,,,,,,,,,,,,,,,,,,,,
"[Ni(DMG)] - Colour, Ox State of Ni","Red, 2",,Comma Seperate,2,,,,,,,,,,,,,,,,,,,,,,,,,,,,,,,,,,,,,,,,,,,,,
H2O2+FeCl3 [OH]->,HCl+O2+FeCl2,H2O2 is a weirdo. and becoming O2 potential is really close to potential for mild (>weak) oxidizers (like I2 and FeCl3). Thus Solution is in equilibrium and [OH] will support Oxidation of H2O2. But this can further react with another H2O2 to get readily oxidized and thus this reaction is only an incomplete picture of it.,,,,,,,,,,,,,,,,,,,,,,,,,,,,,,,,,,,,,,,,,,,,,,,
Dithionic Acid,H2S2O6,Another name for hyposulphuric acid,,,,,,,,,,,,,,,,,,,,,,,,,,,,,,,,,,,,,,,,,,,,,,,
"Fe/FeO+K2O+Al2O3, V2O5, Pt+Rh, CuCl2","Haber, Contact,Ostwald, Deacan",,Catalysts and Processes,,,,,,,,,,,,,,,,,,,,,,,,,,,,,,,,,,,,,,,,,,,,,,
Distinguistion of AgCl from AgBr and AgI,"AgCl + Na3AsO3 -> Ag2AsO3(ppt,yellow)",,"Drop (ppt) for AgCl, Dont drop it for the product",,,,,,,,,,,,,,,,,,,,,,,,,,,,,,,,,,,,,,,,,,,,,,
,,,,,,,,,,,,,,,,,,,,,,,,,,,,,,,,,,,,,,,,,,,,,,,,,
,Surface Chemistry,,,,,,,,,,,,,,,,,,,,,,,,,,,,,,,,,,,,,,,,,,,,,,,,
,,,,,,,,,,,,,,,,,,,,,,,,,,,,,,,,,,,,,,,,,,,,,,,,,
Pthalic Anhydride + Resourcinol + AgCl,Green ppt,Adsorptive indication. AgCl adsorbs the formed dye from Pthalic Anhydride test for Phenols. The reaction looks holy damn cool in slowmotion btw.,Type Observation,,,,,,,,,,,,,,,,,,,,,,,,,,,,,,,,,,,,,,,,,,,,,,
Which adsorption is endothermic out of physisorption and chemisorption,Neither,Both are exothermic except exception weird cases where there's some adsorbate's bond breaken,,,,,,,,,,,,,,,,,,,,,,,,,,,,,,,,,,,,,,,,,,,,,,,
"Solid Sol, Liquid Aerosol, Solid Aerosol, Emulsion","Solid-Solid, Liquid-Gas, Solid-Gas,Liquid-Liquid","Solid Sol*id*, Sprays, New Emulsion Paints",Format: Dispersed Phase-Dispersion Medium,5,,,,,,,,,,,,,,,,,,,,,,,,,,,,,,,,,,,,,,,,,,,,,
"Gel, Sol, Foam","Liquid-Solid, Solid-Liquid, Gas-Liquid","Unlike popular belief, Gel isnt solid dissolved in liquid but Liquid suspended in solid mass, hair gels isnt really a gel, better example of gel is gelatin, Old dissolved paints that flake off with time, whipped cream",Format: Dispersed Phase-Dispersion Medium,5,,,,,,,,,,,,,,,,,,,,,,,,,,,,,,,,,,,,,,,,,,,,,
"S8, Pt, AgI/KI, Solution-sized Dirt, Water-Oil Emulsion","Chemical, Bredig's Arc, Peptization, Micelle, Emulsification ","Chemically Colloidal S8 is made, Bredig's Arc is the shattering of a metal electrode with high current, Peptization is breaking of large solids into smaller aggregates, Micelle formation is stepping is smaller ones using surfactants like Sodium Stereate. Essentially anything that achieves colloidal size work for Sol formation (10^-6 to 10^-9). Emulsification is binding two liquids together to avoid density-seperation using things like Soap, Protiens, Fatty Acids, etc.",Common Sols and Method of preparation,3,,,,,,,,,,,,,,,,,,,,,,,,,,,,,,,,,,,,,,,,,,,,,
Wavelength Range for Tyndall Effect with Colloids,>10^-9,"1. Colloidal Size. Tyndall Scattering needs wavelength larger than particle size to scatter. \n 2. Its just anologous to Rayleigh Scatter, demands that refractive index of particle and medium are greatly different (In victinity of particle, permittivity is obviously different since if not, then there wont be any electric field effects and so sqrt(eÂµ) is also different.) \n 3. Just like Rayleigh scattering, Smaller lambda are more affected by Âµ and hence more scattered. This also determines colour of colloid, lowest possible wavelength scattered = Colour when scattered ones are viewed, opposite when transmitted are viewed.",Format: <comparison operator>10^-x (without spaces in between),1,,,,,,,,,,,,,,,,,,,,,,,,,,,,,,,,,,,,,,,,,,,,,
AgI/I-,"-ve,I-,K+","Charge of Colloid is decided by Stationary phase. In Electrophoresis, only Stationary phase sticks with colloid particles, mobile phase is dynamic \n At small concentrations: Formation of Electric Double Layer will stabilize Lyophobic Colloid (Lyophilic does not require this stabilization) by preventing aggregation by putting a Electrostatic potential barrier between the Vanderwaals minima and outside. \n Excess of Electrolyte: will cause opposite charged mobile phase for both Lyophilic and Lyophobic so dominating that just after the Electrostatic Potential barrier(Maxima) another Electrostatic Minima will occur and cause Aggregation.","Format: Charge(+ve/-ve), Stationary Layer, Mobile Layer. (Assume I- is from KI)",3,,,,,,,,,,,,,,,,,,,,,,,,,,,,,,,,,,,,,,,,,,,,,
"Fe(OH)3/Hot Water, Fe(OH)3/NaOH, Metal Sol, Sulphide Sol, Oxide Sol, Organic Sol, Blood","+ve,-ve,-ve,-ve,+ve,-ve,+ve","Fe(OH)3/Fe, Fe(OH)3/OH, Metal sols are almost like complexes with anions getting an effective -ve, Sulphides are negative because S-- are adsorbed by vanderwaals (S is pretty covalent), Oxides are just like metal hydroxides,Common organic ones such as starch are colloided by micelle formation and +ve end of the micelle is towards inside by donation of lone pairs from organic functional groups and -ve end is shown outwards, Blood is positive even though Haemoglobin being an Organic one is negative, this is because Biological systems are OP and an anticoagulant makes Blood a positive colloid. Now when blood is exposed to air, Haemoglobin and Blood cancel out to bloodclot. \n Its Important not to confuse organic sols with something like Fe(OH)3/Fe(III) whose Stationary layer is an ion and gives same charge to colloid, not a micelle that gives outer charge by orientation.",Common Sols and their Charge (+ve/-ve),3,,,,,,,,,,,,,,,,,,,,,,,,,,,,,,,,,,,,,,,,,,,,,
"Fe(OH)3/Hot Water, Fe(OH)3/NaOH, Metal Sol, Sulphide Sol, Oxide Sol, Organic Sol, RBC, Milk","No,No,No,No,No,Yes,Yes,Yes",Only Organic ones are Lyophilic,Common Sols and Lyophilicity (Yes/No),3,,,,,,,,,,,,,,,,,,,,,,,,,,,,,,,,,,,,,,,,,,,,,
"Azo Dyes, Pthalein Dyes","+ve, -ve","These are unlike Organic ones. Like Fe(OH)3+Hot water and Equivalent for acidic. These arent micelled, these are MeBlue/H+ and Pthal/OH",Common Sols and their Charge (+ve/-ve),3,,,,,,,,,,,,,,,,,,,,,,,,,,,,,,,,,,,,,,,,,,,,,
"Give expression for Floccuation Value using C:Concentration of Electrolyte, T: Time it takes to Flocculate M:Concentration of Sol (Both Lyophilic and Phobic)",(1000CT)/(7200),Concentration of Electrolyte needed in millimoles per litre to flocculate in 2 hours. Follows very weird kinetics but roughly \n d(fraction of sol left)/dt = kC. \n f = (1000)/(7200k) and kCT=1 \n f = (1000CT)/(7200),Format: (numerator)/(denominator); Do not cancel out factors in numerator and denominator,,,,,,,,,,,,,,,,,,,,,,,,,,,,,,,,,,,,,,,,,,,,,,
"Blood, Milk, Mist, Soil, Milk of Magnesia, Latex, (Old) Paint, Fog, Cu2S(froth), Whipped Cream, Butter, Hair Gel, Gelatin","Sol, Emulsion, Aerosol, Solid sol, sol, Sol, Sol, Aerosol, foam, foam, Gel, Emulsion, Gel","Hair gel is actually an Emulsion of liquid medium and liquid stuff that keep hair rigid. Real gels are liquid suspended in solid. Hair is NOT a sol, its not solid stuff that is suspended in it.",Types of Colloid,3,,,,,,,,,,,,,,,,,,,,,,,,,,,,,,,,,,,,,,,,,,,,,
,,,,,,,,,,,,,,,,,,,,,,,,,,,,,,,,,,,,,,,,,,,,,,,,,
,Inorganic Trends,,,,,,,,,,,,,,,,,,,,,,,,,,,,,,,,,,,,,,,,,,,,,,,,
,,,,,,,,,,,,,,,,,,,,,,,,,,,,,,,,,,,,,,,,,,,,,,,,,
Periods that show Ionization Potential Exceptions by Exchange Energy,2 3 4,Xenon's period shows uniform trend,List the Periods that show exchange energy exceptions in Ionization Enthalpy (Space seperated),1,,,,,,,,,,,,,,,,,,,,,,,,,,,,,,,,,,,,,,,,,,,,,
Greater H2O2 dihedral angle is in,Solid,A nice cubic lattice can be formed,Solid or Gas,,,,,,,,,,,,,,,,,,,,,,,,,,,,,,,,,,,,,,,,,,,,,,
I and II Carbonates,"Stable,Unstable",, ,3,,,,,,,,,,,,,,,,,,,,,,,,,,,,,,,,,,,,,,,,,,,,,
Thermal Stability Exception in s block is shown by,Flourides,"Flourides are an exception, Bond length so small that dr/r^2 becomes dominating",,,,,,,,,,,,,,,,,,,,,,,,,,,,,,,,,,,,,,,,,,,,,,,
Ionic%=AX + BX^2,16 3.5,,Space Seperate and enter A and B,1,,,,,,,,,,,,,,,,,,,,,,,,,,,,,,,,,,,,,,,,,,,,,
General Atomic mass of first 20 elements interms of Z (odd),2Z+1,, ,,,,,,,,,,,,,,,,,,,,,,,,,,,,,,,,,,,,,,,,,,,,,,
General Atomic mass of first 20 elements interms of Z (even),2Z,, ,,,,,,,,,,,,,,,,,,,,,,,,,,,,,,,,,,,,,,,,,,,,,,
Exceptions to General Atomic mass emperical formulas for first 20 Elements,H Be N Cl Ar,,Space Seperate,1,,,,,,,,,,,,,,,,,,,,,,,,,,,,,,,,,,,,,,,,,,,,,
Atomic Mass of Be,9,, ,3,,,,,,,,,,,,,,,,,,,,,,,,,,,,,,,,,,,,,,,,,,,,,
Atomic Mass of Ar,40,, ,3,,,,,,,,,,,,,,,,,,,,,,,,,,,,,,,,,,,,,,,,,,,,,
Atomic Mass of Cl,35.5,, ,3,,,,,,,,,,,,,,,,,,,,,,,,,,,,,,,,,,,,,,,,,,,,,
Atomic Mass of Mn,55,, ,3,,,,,,,,,,,,,,,,,,,,,,,,,,,,,,,,,,,,,,,,,,,,,
Atomic Mass of Fe,56,, ,3,,,,,,,,,,,,,,,,,,,,,,,,,,,,,,,,,,,,,,,,,,,,,
Atomic Mass of Cu,63.5,, ,3,,,,,,,,,,,,,,,,,,,,,,,,,,,,,,,,,,,,,,,,,,,,,
Atomic Mass of Zn,65,, ,3,,,,,,,,,,,,,,,,,,,,,,,,,,,,,,,,,,,,,,,,,,,,,
Atomic Mass of Br,79,, ,3,,,,,,,,,,,,,,,,,,,,,,,,,,,,,,,,,,,,,,,,,,,,,
Atomic Mass of I,127,, ,3,,,,,,,,,,,,,,,,,,,,,,,,,,,,,,,,,,,,,,,,,,,,,
Atomic Mass of Ba,137,, ,3,,,,,,,,,,,,,,,,,,,,,,,,,,,,,,,,,,,,,,,,,,,,,
Atomic Mass of Ag,108,, ,3,,,,,,,,,,,,,,,,,,,,,,,,,,,,,,,,,,,,,,,,,,,,,
,,,,,,,,,,,,,,,,,,,,,,,,,,,,,,,,,,,,,,,,,,,,,,,,,
,"Ores, Solids, Metallurgy",,,,,,,,,,,,,,,,,,,,,,,,,,,,,,,,,,,,,,,,,,,,,,,,
,,,,,,,,,,,,,,,,,,,,,,,,,,,,,,,,,,,,,,,,,,,,,,,,,
Self reduction,CuS PbS,This is also called Bessemerization when Air is flushed into hot ore to make oxide which will then react with sulphide,Space Seperate,1,,,,,,,,,,,,,,,,,,,,,,,,,,,,,,,,,,,,,,,,,,,,,
"Carnallite,Potash Alum, Mohr's Salt","KCl.MgCl2.6H2O, [K(H2O)6]2[Al(H2O)6]2(SO4)4, (NH4)2SO4.FeSO4.6H2O",,Use true forms including Hydration,5,,,,,,,,,,,,,,,,,,,,,,,,,,,,,,,,,,,,,,,,,,,,,
Radius Ratios,0.155 0.225 0.414 0.732 1,Linear Triangle sp3 Octahedral/dsp2 BCC ClosedPacking,space seperated in decimal form,1,,,,,,,,,,,,,,,,,,,,,,,,,,,,,,,,,,,,,,,,,,,,,
Wurtzite,ZnS hcp Tetrahedral,,Space Seperate. Formula Lattice Voids-occupied (use fcc everywhere instead of ccp),1,,,,,,,,,,,,,,,,,,,,,,,,,,,,,,,,,,,,,,,,,,,,,
Zinc Blende,ZnS fcc Tetrahedral,Ratio rule gives tetrahedral and only half of the total Tetravoids are occupied (like sp3 covalent solids),Formula Lattice Voids-occupied (use fcc everywhere instead of ccp),1,,,,,,,,,,,,,,,,,,,,,,,,,,,,,,,,,,,,,,,,,,,,,
NaCl,fcc octahedral,Just a simple linear arrangement of alternating Na and Cl (Ratio rule gives octahedral),Lattice Voids,1,,,,,,,,,,,,,,,,,,,,,,,,,,,,,,,,,,,,,,,,,,,,,
CsCl,"Cs,Cl",,BodyCentre Corners. Comma Seperate,3,,,,,,,,,,,,,,,,,,,,,,,,,,,,,,,,,,,,,,,,,,,,,
Flourite,AX2 fcc Tetrahedral,Tetrahedral ratio,Formula Lattice Voids-occupied (use fcc everywhere instead of ccp).  Drop Coefficients.,1,,,,,,,,,,,,,,,,,,,,,,,,,,,,,,,,,,,,,,,,,,,,,
Antiflourite,A2X fcc Tetrahedral,Cations occupy voids here,Formula Lattice Voids-occupied (use fcc everywhere instead of ccp). Drop Coefficients.,1,,,,,,,,,,,,,,,,,,,,,,,,,,,,,,,,,,,,,,,,,,,,,
Corrundum,Al2O3 hcp Octahedral,2/3 of Octahedral voids are taken by Al,Formula Lattice Voids-occupied (use fcc everywhere instead of ccp). Drop Coefficients.,1,,,,,,,,,,,,,,,,,,,,,,,,,,,,,,,,,,,,,,,,,,,,,
"Zincite, Cuprite, Pyrolusite, Magnetite, Hematite","ZnO, Cu2O, MnO2,Fe3O4, Fe2O3","Common Oxide ores. Cu(II) was stable because of hydration which isnt there in ores, so Cu(I)",,5,,,,,,,,,,,,,,,,,,,,,,,,,,,,,,,,,,,,,,,,,,,,,
"Gypsum,Plaster of Paris,Epsom","CaSO4.2H2O, CaSO4.0.5H2O, MgSO4.7H2O",,Use decimal in case of fractional coefficients,5,,,,,,,,,,,,,,,,,,,,,,,,,,,,,,,,,,,,,,,,,,,,,
"Cinnabar, Argentite, Galena","HgS, Ag2S, PbS",Common Sulphide ores other than Zinc based ones,,5,,,,,,,,,,,,,,,,,,,,,,,,,,,,,,,,,,,,,,,,,,,,,
"Indian Saltpetre, Chile Saltpetre","KNO3, NaNO3",Nitrate ores,,5,,,,,,,,,,,,,,,,,,,,,,,,,,,,,,,,,,,,,,,,,,,,,
"Calamine, Copper Pyrite, Siderite, Bauxite, Chalcocite, Pyrite","ZnCO3, CuFeS2, FeCO3, Al2O3.2H2O, Cu2S, FeS2",Non oxide ores of Iron are found in Fe(II) state. The ore was formed deep below and stability reasons for Fe(III) isnt present anymore. Some are even more weird that it looks like Fe(I) but its because of self bonding in sulphur (This isnt the case with Chalcopyrite though). Chalco- seems to refer to Cu generally,Use dot-form,5,,,,,,,,,,,,,,,,,,,,,,,,,,,,,,,,,,,,,,,,,,,,,
"Fluorspar, Dolomite, Cryolite, Litharge","CaF2, CaCO3.MgCO3, Na3AlF6, PbO",,,5,,,,,,,,,,,,,,,,,,,,,,,,,,,,,,,,,,,,,,,,,,,,,
"Casseterite, Quick Lime, Slaked Lime, Blue Vitrol, Magnesia","SnO2, CaO, Ca(OH)2, [Cu(H2O)4]SO4.H2O, MgO",Cu likes 4x coordination generally,Use true form for Blue Vitrol,5,,,,,,,,,,,,,,,,,,,,,,,,,,,,,,,,,,,,,,,,,,,,,
"Brass, Bronze","Cu+Zn, Cu+Sn",S and Z exchange,,5,,,,,,,,,,,,,,,,,,,,,,,,,,,,,,,,,,,,,,,,,,,,,
"FeCr2O4, Sulphides, Oxides","Magnetic, Froth, Lavigation",Lavigation is using stream of water to seperate using densities. Oxide lattices are very dense,Concentration Methods (Use just the first word of the process for Typing's sake),3,,,,,,,,,,,,,,,,,,,,,,,,,,,,,,,,,,,,,,,,,,,,,
"Semiconductors, Metals with Low MP, Metals with Low affinity to Oxygen","Zone, Liquation, Cupellation",Zone Refining uses that Impurities like staying dissolved but slowly melting the entire metal lengthwise. Cupellation uses atm O2 to sediment impurities as oxides. ,Refinining Methods (Use just first word),3,,,,,,,,,,,,,,,,,,,,,,,,,,,,,,,,,,,,,,,,,,,,,
Green Wood + Cu2O + â–²(Heavy)->,Cu+CO+H2,"This is called Poling. CO is more stable at High T, this is almost like displacement of Cu driven by high Temperature bond breaking, except H2O+C a high Temp also goes to CO+H2",,,,,,,,,,,,,,,,,,,,,,,,,,,,,,,,,,,,,,,,,,,,,,,
"Pine Oil, Sodium Xanthate, Cresol, Aniline, Fatty Acids","Collector, Collector, Stabilizer, Stabilizer, Collector","Collectors make lyophilic colloids and protect the sulphide colloids (both are -ve). Once the froth is out of the solution, stabilizers will make sure they don't go back in",Collector/Stabilizer,3,,,,,,,,,,,,,,,,,,,,,,,,,,,,,,,,,,,,,,,,,,,,,
Ellingham Diagrams have delta G values for (Oxidation/Reduction),Oxidation,,,,,,,,,,,,,,,,,,,,,,,,,,,,,,,,,,,,,,,,,,,,,,,,
Reaction that happens at the upper half of Blast Furnace,Fe2O3+CO->Pig Iron+CO2,"C->CO happens at bottom, this CO rises up and since T is lower now, this goes to CO2",Use Common name for Iron products,,,,,,,,,,,,,,,,,,,,,,,,,,,,,,,,,,,,,,,,,,,,,,
Hall Heroults Process,Al2O3+Na3AlF6+CaF2->Al+O2,Electrolysis,,,,,,,,,,,,,,,,,,,,,,,,,,,,,,,,,,,,,,,,,,,,,,,
"Azurite, Chalcanthite, Magnesite, Limonite","Cu(OH)2.CuCO3, CuSO4.5H2O, MgCO3, Fe2O3.3H2O","Azurite is malachite without water, limonite is hematite with water. Magnesite is NOT MgO but MgCO3, Chalcanthite is just blue vitrol",,5,,,,,,,,,,,,,,,,,,,,,,,,,,,,,,,,,,,,,,,,,,,,,
"Cerrusite, Anglesite, Horn Silver, Kaolinite, Feldspar","PbCO3, PbSO4, AgCl, Al2O3.SiO2.H2O, K2O.Al2O3.SiO2",Kaolinite is just sand with higher Aluminium,Ignore Coefficients in Dot form of ore (they vary),5,,,,,,,,,,,,,,,,,,,,,,,,,,,,,,,,,,,,,,,,,,,,,
,,,,,,,,,,,,,,,,,,,,,,,,,,,,,,,,,,,,,,,,,,,,,,,,,
,Polymers & Biomolecules,,,,,,,,,,,,,,,,,,,,,,,,,,,,,,,,,,,,,,,,,,,,,,,,
,,,,,,,,,,,,,,,,,,,,,,,,,,,,,,,,,,,,,,,,,,,,,,,,,
"Out of the standard set of test for carbonyl, list tests that glucose will not show",DNP Schiff NaHSO3,,"Standard set of tests for carbonyl here are DNP, Tollen, Fehling, Benedict, Schiff, NaHSO3, Oxime. Type names seperated by commas in same abbrievation as here",1,,,,,,,,,,,,,,,,,,,,,,,,,,,,,,,,,,,,,,,,,,,,,
Smallest Aldehydic Carbohydrates,Glyceraldehyde,Smallest optically active Polyhydroxy aldehyde,Type name,,,,,,,,,,,,,,,,,,,,,,,,,,,,,,,,,,,,,,,,,,,,,,
C2 epimer of glucose,Mannose,,Type without relative naming prefix (without D-),,,,,,,,,,,,,,,,,,,,,,,,,,,,,,,,,,,,,,,,,,,,,,
Precursor of Glucose in Cyanohydrin step up synthesis,Arabinose,,Type without relative naming prefix (without D-),,,,,,,,,,,,,,,,,,,,,,,,,,,,,,,,,,,,,,,,,,,,,,
Successors of Glyceraldehyde in Killani Fischer Step up,Erythrose Threose,,,1,,,,,,,,,,,,,,,,,,,,,,,,,,,,,,,,,,,,,,,,,,,,,
Reactivity Series,K Na Ca Mg Al Cr C Zn Fe Sn Pb H Cu Hg Ag Au Pt,"H shows overpotential when seeded electrodes are used, in metallurgy H is placed where C is",Space Seperated,,,,,,,,,,,,,,,,,,,,,,,,,,,,,,,,,,,,,,,,,,,,,,
Anion Echem Series,OH I Br Cl NO3 SO4 F,"OH is exceptionally, more retained in solution than Cl only in Chloralkali-like processes because of bubble overpotential. Most negative Electrode potential -> Wants to give electrons to outer circuit more -> easily Auxidized","Ascending order of electrode potential, Space seperated, type without any charges",,,,,,,,,,,,,,,,,,,,,,,,,,,,,,,,,,,,,,,,,,,,,,
Glucose+Br2/H2O,Gluconic Acid,"Br2/H2O just like at C-C pi bonds, can react with C=O to selectively oxidize it. (Addition of Bromohydrin, elimination of HBr). Glucanoic Acid -> Gluconic Acid",Just type common name,,,,,,,,,,,,,,,,,,,,,,,,,,,,,,,,,,,,,,,,,,,,,,
Glucose+HNO3,"Glucaric Acid,Saccharic acid",Terminal groups oxidized,Comma Seperate Common names,2,,,,,,,,,,,,,,,,,,,,,,,,,,,,,,,,,,,,,,,,,,,,,
Fructose+Br2/H2O,no rxn,Ketone cant be further reduced to acid,Just type common name,,,,,,,,,,,,,,,,,,,,,,,,,,,,,,,,,,,,,,,,,,,,,,
5 Homologues of Oxalic Acid,"Oxalic, Malonic, Succinic, Glutaric, Adipic",,"Including Oxalic acid, Comma seperate",3,,,,,,,,,,,,,,,,,,,,,,,,,,,,,,,,,,,,,,,,,,,,,
Glucose+RaNiH2,Sorbitol,,Common name,,,,,,,,,,,,,,,,,,,,,,,,,,,,,,,,,,,,,,,,,,,,,,
Glucose+ROH+[H+],Alkyl Glucopyranoside,SN similar to Ether formation happens but only at carbonyl carbon since that is the most acidic H,"Use Alkyl for R, Common Name",,,,,,,,,,,,,,,,,,,,,,,,,,,,,,,,,,,,,,,,,,,,,,
Glucose+phNH2NH2,"Yellow Precipitate, Osazone, 3","unlike heavily deactivaed phenylhydrazine, regular's lone pair on ph-N will attack the adjacent OH's H, and cyclic elimination gives another aldehyde there. This wont further react as once reacted twice, it cant tautomerize as the H is busy in H bonding","Observation and Common Name of product, No. of moles of phNHNH2 used",2,,,,,,,,,,,,,,,,,,,,,,,,,,,,,,,,,,,,,,,,,,,,,
"Purine rings out of A=T, C=G",A G,AuGmented size,Space seperate first letters alone,1,,,,,,,,,,,,,,,,,,,,,,,,,,,,,,,,,,,,,,,,,,,,,
"H-, CH3-, Isopropyl-, Isobutyl-","Glycine, Alanine, Valine, Leucine",,"Match R- against protien name. Use common name for isoalkyl groups, Structural formula in expanded form for others.",5,,,,,,,,,,,,,,,,,,,,,,,,,,,,,,,,,,,,,,,,,,,,,
"phCH2-, COOHCH2-, COOHCH2CH2-, NH2CH2CH2CH2CH2-","Phenylalanine, Aspartic Acid, Glutamic Acid, Lysine",,"Match R- against protien name. Use common name for isoalkyl groups, Structural formula in expanded form for others. Use ph for C6H5",5,,,,,,,,,,,,,,,,,,,,,,,,,,,,,,,,,,,,,,,,,,,,,
"Pepsin, Diastase, Maltase","Protein->Amino Acids, Starch->Maltose, Maltose->Glucose",,Enzymatic Action. Format: Reactant->Product (Without space in between t->P),5,,,,,,,,,,,,,,,,,,,,,,,,,,,,,,,,,,,,,,,,,,,,,
Action of Enzyme produced by Yeast,Zymase+Glucose->C2H5OH+CO2,,"Use common names in reactants side, Add enzyme like a reactant",,,,,,,,,,,,,,,,,,,,,,,,,,,,,,,,,,,,,,,,,,,,,,
"Invertase,Urease","Sucrose,Urea","Urea-ase, Invertase is because of inversion of optical rotation from sucrose to glucose+fructose from +ve to -ve (ie Fructose's activity overpowers)",Enzyme and Substrate,5,,,,,,,,,,,,,,,,,,,,,,,,,,,,,,,,,,,,,,,,,,,,,
"Nylon-x,y",x,Not x-2,No. of Carbons in diammine monomer,3,,,,,,,,,,,,,,,,,,,,,,,,,,,,,,,,,,,,,,,,,,,,,
Monomers of Synthetic Rubbers,"Butadiene, Chloroprene, Acrylonitrile",Vinyl and Acrylic are the same things. Chloroprene is butadiene but with a Cl at 2nd carbon,"Include monomers of both the two, Comma seperate, Common names",2,,,,,,,,,,,,,,,,,,,,,,,,,,,,,,,,,,,,,,,,,,,,,
"Dry Lubricant, Water Pipes, Sportwear, Tyre Stitches, Conveyor belts, Oil Seals","Teflon, PVC, Nylon-66, Nylon-6, Neoprene, Buna-N",,"Choose from Teflon, PVC, Nylon-66, Nylon-6, Neoprene, Buna-N and from Dry Lubricant, Water Pipes, Sportwear, Tyre Stitches, Conveyor belts, Oil Seals",5,,,,,,,,,,,,,,,,,,,,,,,,,,,,,,,,,,,,,,,,,,,,,
"Foodwear, Raincoats, Fishing Nets, Ropes, Hoses, Tank linings","Teflon, PVC, Nylon-66, Nylon-6, Neoprene, Buna-N",,"Choose from Teflon, PVC, Nylon-66, Nylon-6, Neoprene, Buna-N and from Foodwear, Raincoats, Fishing Nets, Ropes, Hoses, Tank linings",5,,,,,,,,,,,,,,,,,,,,,,,,,,,,,,,,,,,,,,,,,,,,,
Sucrose,C2-b-D-Fructose + C1-a-D-Glucose,Both the carbonyls are involved. ,Format: C#-a/b-D/L-Someose + C#-a/b-D/L-Someotherose,,,,,,,,,,,,,,,,,,,,,,,,,,,,,,,,,,,,,,,,,,,,,,
Maltose,C1-a-D-Glucose + C4-a-D-Glucose,"Beta is more stable, but alpha is more easily produced. Until a pathway is given for glucose to mutarotate, alpha will stay alpha",Format: C#-a/b-D/L-Someose + C#-a/b-D/L-Someotherose,,,,,,,,,,,,,,,,,,,,,,,,,,,,,,,,,,,,,,,,,,,,,,
Lactose,C1-b-D-Glucose + C4-b-D-Glucose,"Lactose is just maltose on beta Glucose.Beta is more stable, but alpha is more easily produced. Until a pathway is given for glucose to mutarotate, alpha will stay alpha. In Lactose this pathway is enable because of the medium (Milk).",Format: C#-a/b-D/L-Someose + C#-a/b-D/L-Someotherose,,,,,,,,,,,,,,,,,,,,,,,,,,,,,,,,,,,,,,,,,,,,,,
Amylose,C1-a-D-Glucose + C4-a-D-Glucose,Polymeric version of Maltose. Solubility comes from how CH2OH group is not hindered for H-bonding unlike the other 4.,Format: C#-a/b-D/L-Someose + C#-a/b-D/L-Someotherose (+ C#-a/b-D/L-Someotherose),,,,,,,,,,,,,,,,,,,,,,,,,,,,,,,,,,,,,,,,,,,,,,
Cellulose,C1-b-D-Glucose + C4-b-D-Glucose,"Polymeric Version of Lactose. Similar to lactose, Cellulose is given the pathway to become beta, this is wantedly done to keep the cell wall the most stable one. Insoluble in Water because unlike Amylose, C6 is equitorial for beta and hindered",Format: C#-a/b-D/L-Someose + C#-a/b-D/L-Someotherose,,,,,,,,,,,,,,,,,,,,,,,,,,,,,,,,,,,,,,,,,,,,,,
Amylopectin,C1-a-D-Glucose + C4-a-D-Glucose + C6-a-D-Glucose,Amylose but branching using C1-C6 too. Not soluble since the C6 (CH2OH) group is bonded now.,Format: C#-a/b-D/L-Someose + C#-a/b-D/L-Someotherose (+ C#-a/b-D/L-Someotherose),,,,,,,,,,,,,,,,,,,,,,,,,,,,,,,,,,,,,,,,,,,,,,
"Solubility, Helix/Sheet, Protein Code, Tangling with other proteins/Peptization","3*, 2*, 1*, 4*","Solubility depends on Globular or Fiberous - 3* is the structure of vanderwaals interaction between several strands. alpha Helix or beta Sheet is decided by Hydrogen bonding (and sometimes other chemical bonding like -S-). 4* is just physical arrangement, nothing chemical.",Match the Characteristic with degree of structure for Proteins (use #*),3,,,,,,,,,,,,,,,,,,,,,,,,,,,,,,,,,,,,,,,,,,,,,
Gly-Alanine,(NH2CH2CONH2)(CH3)CHCOOH,Order of naming for Proteins is opposite of Nylon. COOH's side comes first here,Structural formula without - or spaces,,,,,,,,,,,,,,,,,,,,,,,,,,,,,,,,,,,,,,,,,,,,,,
,,,,,,,,,,,,,,,,,,,,,,,,,,,,,,,,,,,,,,,,,,,,,,,,,
,Indefinite Integrals,,,,,,,,,,,,,,,,,,,,,,,,,,,,,,,,,,,,,,,,,,,,,,,,
,,,,,,,,,,,,,,,,,,,,,,,,,,,,,,,,,,,,,,,,,,,,,,,,,
,Conic Sections,,,,,,,,,,,,,,,,,,,,,,,,,,,,,,,,,,,,,,,,,,,,,,,,
,,,,,,,,,,,,,,,,,,,,,,,,,,,,,,,,,,,,,,,,,,,,,,,,,
"In an ellipse, if N is x intersept of normal: NF1/NF2=",PF1/PF2,Because its angle bisector, ,,,,,,,,,,,,,,,,,,,,,,,,,,,,,,,,,,,,,,,,,,,,,,
Confocal Conics,Orthogonal,,,,,,,,,,,,,,,,,,,,,,,,,,,,,,,,,,,,,,,,,,,,,,,,
,,,,,,,,,,,,,,,,,,,,,,,,,,,,,,,,,,,,,,,,,,,,,,,,,
,General Mathematics,,,,,,,,,,,,,,,,,,,,,,,,,,,,,,,,,,,,,,,,,,,,,,,,
,,,,,,,,,,,,,,,,,,,,,,,,,,,,,,,,,,,,,,,,,,,,,,,,,
,Organic Chemistry,,,,,,,,,,,,,,,,,,,,,,,,,,,,,,,,,,,,,,,,,,,,,,,,
,,,,,,,,,,,,,,,,,,,,,,,,,,,,,,,,,,,,,,,,,,,,,,,,,
Victor Meyer 2*-OH,Blue,,,,,,,,,,,,,,,,,,,,,,,,,,,,,,,,,,,,,,,,,,,,,,,,
Victor Meyer 1*-OH,Red,,,,,,,,,,,,,,,,,,,,,,,,,,,,,,,,,,,,,,,,,,,,,,,,
,,,,,,,,,,,,,,,,,,,,,,,,,,,,,,,,,,,,,,,,,,,,,,,,,
,Coordination Compounds,,,,,,,,,,,,,,,,,,,,,,,,,,,,,,,,,,,,,,,,,,,,,,,,
,,,,,,,,,,,,,,,,,,,,,,,,,,,,,,,,,,,,,,,,,,,,,,,,,
Metal centres for which NH3 & pyridine are weak splitting,Co(II) Fe(II) Cu(II) Mn(II) Ni(IV),It doesnt matter for Ni(II),"Use Roman numerals, Space seperated.",1,,,,,,,,,,,,,,,,,,,,,,,,,,,,,,,,,,,,,,,,,,,,,
d orbitals in dsp2 (Asc),"dyz=dzx,dxy,dz^2","Eventhough z^2 expected to be least, the shape has the cloud in xy plane & the cloud is of homogenous sign and so square planar actually repels this more than xy","Comma seperate, use Equal sign for degenerate, don't use ""_"" for subscripting",3,,,,,,,,,,,,,,,,,,,,,,,,,,,,,,,,,,,,,,,,,,,,,
,,,,,,,,,,,,,,,,,,,,,,,,,,,,,,,,,,,,,,,,,,,,,,,,,
,Physical Chemistry & Physics,,,,,,,,,,,,,,,,,,,,,,,,,,,,,,,,,,,,,,,,,,,,,,,,
,,,,,,,,,,,,,,,,,,,,,,,,,,,,,,,,,,,,,,,,,,,,,,,,,
Coefficient in Emperical formula for nucleic radius,1.2e-15,,"Scientific notation using e, Represent 2 sf",3,,,,,,,,,,,,,,,,,,,,,,,,,,,,,,,,,,,,,,,,,,,,,
1 esu,3.33e-10,"in kq^2/r^2 in cgs-esu units, k=1","Scientific notation using e, Represent 3 sf",3,,,,,,,,,,,,,,,,,,,,,,,,,,,,,,,,,,,,,,,,,,,,,
1 Ci,3.7e+10,,"Scientific notation using e, Represent 2 sf",3,,,,,,,,,,,,,,,,,,,,,,,,,,,,,,,,,,,,,,,,,,,,,
G*=,k/G,,In terms of k and G,3,,,,,,,,,,,,,,,,,,,,,,,,,,,,,,,,,,,,,,,,,,,,,
Âµ0,4pie-7,,"Scientific notation using e, Use pi for pi",3,,,,,,,,,,,,,,,,,,,,,,,,,,,,,,,,,,,,,,,,,,,,,
Râˆž,1.097e+7,,"Scientific notation using e, Represent 4 sf",3,,,,,,,,,,,,,,,,,,,,,,,,,,,,,,,,,,,,,,,,,,,,,
R (in Latm/Kmol),0.0821,,,3,,,,,,,,,,,,,,,,,,,,,,,,,,,,,,,,,,,,,,,,,,,,,
R (in cal/K),2,, ,3,,,,,,,,,,,,,,,,,,,,,,,,,,,,,,,,,,,,,,,,,,,,,
Coefficient of ln term in nernst equation,-0.059,negative sign signifies that Ecell decreases as reaction progresses,,3,,,,,,,,,,,,,,,,,,,,,,,,,,,,,,,,,,,,,,,,,,,,,
G,6.67e-11,,"Scientific notation using e, Represent 3 sf",3,,,,,,,,,,,,,,,,,,,,,,,,,,,,,,,,,,,,,,,,,,,,,
Bohr Radius,52.9,,Express in picometres upto 2 sf,3,,,,,,,,,,,,,,,,,,,,,,,,,,,,,,,,,,,,,,,,,,,,,
1Debye,1e-10,,Scientific notation using e,3,,,,,,,,,,,,,,,,,,,,,,,,,,,,,,,,,,,,,,,,,,,,,
First 5 Emission Series,"Lyman, Balmer, Paschen, Bracket, Pfund",,Comma Seperate,3,,,,,,,,,,,,,,,,,,,,,,,,,,,,,,,,,,,,,,,,,,,,,
Light Bands in increasing order of Energy,"Radiowave,TV,Microwave,IR,Visible,UV,X,y,Cosmic",,"Use y instead of gamma, X instead of X rays",3,,,,,,,,,,,,,,,,,,,,,,,,,,,,,,,,,,,,,,,,,,,,,
Boyle,PV,,Expression for the invariant,,,,,,,,,,,,,,,,,,,,,,,,,,,,,,,,,,,,,,,,,,,,,,
Charles,V/T,,Expression for the invariant,,,,,,,,,,,,,,,,,,,,,,,,,,,,,,,,,,,,,,,,,,,,,,
Gay Lussac,P/T,,Expression for the invariant,,,,,,,,,,,,,,,,,,,,,,,,,,,,,,,,,,,,,,,,,,,,,,
Avagadro Law,V/n,,Expression for the invariant,,,,,,,,,,,,,,,,,,,,,,,,,,,,,,,,,,,,,,,,,,,,,,
"Coefficients within Sqrt for Vmost prob, Vmean, Vrms","2,8/pi,3",,Assume Monoatomic. Comma Seperate,3,,,,,,,,,,,,,,,,,,,,,,,,,,,,,,,,,,,,,,,,,,,,,
Boyle Temperature,a/Rb,Just dimensional analyse,,,,,,,,,,,,,,,,,,,,,,,,,,,,,,,,,,,,,,,,,,,,,,,
Vapour Density (in chemistry),M/2,Sadists dont wanna go with m/V but wanna go with (m)/(m)of Hydrogen in same conditions, ,,,,,,,,,,,,,,,,,,,,,,,,,,,,,,,,,,,,,,,,,,,,,,
Vcritical,3nb,, ,3,,,,,,,,,,,,,,,,,,,,,,,,,,,,,,,,,,,,,,,,,,,,,
Pcritical,a/(27b^2),"an^2/V^2; V=3nb, but then it should have a 27. So a/27b^2", ,,,,,,,,,,,,,,,,,,,,,,,,,,,,,,,,,,,,,,,,,,,,,,
Zcritical,3/8,, ,3,,,,,,,,,,,,,,,,,,,,,,,,,,,,,,,,,,,,,,,,,,,,,
,,,,,,,,,,,,,,,,,,,,,,,,,,,,,,,,,,,,,,,,,,,,,,,,,
,,,,,,,,,,,,,,,,,,,,,,,,,,,,,,,,,,,,,,,,,,,,,,,,,
,,,,,,,,,,,,,,,,,,,,,,,,,,,,,,,,,,,,,,,,,,,,,,,,,
,,,,,,,,,,,,,,,,,,,,,,,,,,,,,,,,,,,,,,,,,,,,,,,,,
,,,,,,,,,,,,,,,,,,,,,,,,,,,,,,,,,,,,,,,,,,,,,,,,,
,,,,,,,,,,,,,,,,,,,,,,,,,,,,,,,,,,,,,,,,,,,,,,,,,
,,,,,,,,,,,,,,,,,,,,,,,,,,,,,,,,,,,,,,,,,,,,,,,,,
,,,,,,,,,,,,,,,,,,,,,,,,,,,,,,,,,,,,,,,,,,,,,,,,,
,,,,,,,,,,,,,,,,,,,,,,,,,,,,,,,,,,,,,,,,,,,,,,,,,
,,,,,,,,,,,,,,,,,,,,,,,,,,,,,,,,,,,,,,,,,,,,,,,,,
,,,,,,,,,,,,,,,,,,,,,,,,,,,,,,,,,,,,,,,,,,,,,,,,,
,,,,,,,,,,,,,,,,,,,,,,,,,,,,,,,,,,,,,,,,,,,,,,,,,
,,,,,,,,,,,,,,,,,,,,,,,,,,,,,,,,,,,,,,,,,,,,,,,,,
,,,,,,,,,,,,,,,,,,,,,,,,,,,,,,,,,,,,,,,,,,,,,,,,,
,,,,,,,,,,,,,,,,,,,,,,,,,,,,,,,,,,,,,,,,,,,,,,,,,
,,,,,,,,,,,,,,,,,,,,,,,,,,,,,,,,,,,,,,,,,,,,,,,,,
,,,,,,,,,,,,,,,,,,,,,,,,,,,,,,,,,,,,,,,,,,,,,,,,,
,,,,,,,,,,,,,,,,,,,,,,,,,,,,,,,,,,,,,,,,,,,,,,,,,
,,,,,,,,,,,,,,,,,,,,,,,,,,,,,,,,,,,,,,,,,,,,,,,,,
,,,,,,,,,,,,,,,,,,,,,,,,,,,,,,,,,,,,,,,,,,,,,,,,,
,,,,,,,,,,,,,,,,,,,,,,,,,,,,,,,,,,,,,,,,,,,,,,,,,
,,,,,,,,,,,,,,,,,,,,,,,,,,,,,,,,,,,,,,,,,,,,,,,,,
,,,,,,,,,,,,,,,,,,,,,,,,,,,,,,,,,,,,,,,,,,,,,,,,,
